地区,年份,GDP_亿元,GDP_当年价_亿元,GDP指数_上年=100,第二产业比重_%,总人口数_人,人口数_抽样调查_人,65岁以上人口_人,65岁以上人口_抽样调查_人,城镇化率_%,就业人员数_万人,城镇单位就业人员_万人,私营个体就业人员_万人,私营个体就业人员_NBS_万人,固定资产投资总额_亿元,固定资产投资到位资金增速_%,进出口总额_亿元人民币,进出口总额_万美元,税收收入_亿元,发明专利申请数_件,公有单位专业技术人员_人,公有单位专业技术人员_NBS_人
上海,2005,,9247.66,111.1,48.6,235351.0,,28159.0,,89.09,855.86,,500.09,,3509.66,,,18633673.79,1417.4,10441.0,333321.0,
上海,2006,10825.4,10572.24,111.55,48.5,16525.0,16525.0,2382.0,2382.0,88.7,1005.24,,507.97,508.0,3900.04,,,33838245.945,1576.07,12050.0,331827.0,331827.0
上海,2007,13179.8,12494.01,113.15,46.6,16708.0,16708.0,2381.0,2381.0,88.7,876.58,,512.38,512.4,4420.37,,,28285387.8,1975.48,15212.0,337699.0,337699.0
上海,2008,14877.1,14069.87,112.0,45.5,16854.0,16854.0,2198.0,2198.0,88.6,896.0,377.2,550.31,550.3,4823.15,,,32205531.0,2223.43,17831.0,360340.0,360340.0
上海,2009,16181.4,15046.45,108.95,39.9,16814.0,16814.0,2368.0,2368.0,88.6,929.24,385.4,589.07,589.1,5043.75,,,27771361.1,2368.45,22012.0,363787.0,363787.0
上海,2010,18319.6,17165.98,109.25,42.1,,,,,89.3,924.72,392.9,616.21,616.2,5108.9,,,36895065.2,2707.8,26165.0,356378.0,356378.0
上海,2011,20406.1,19195.69,109.25,41.3,20056.0,20056.0,1579.0,1579.0,89.3,,497.3,660.73,660.7,4962.07,,,43754861.5,3172.72,32142.0,377379.0,377379.0
上海,2012,21774.9,20181.72,107.85,38.92,19862.0,19862.0,1790.0,1790.0,89.3,,555.7,711.95,712.0,5117.62,,,43658695.3,3426.79,37139.0,426612.0,
上海,2013,23809.4,21818.15,107.6,37.2,19932.0,19932.0,2121.0,2121.0,89.6,,618.8,781.38,781.4,5647.79,,,44126821.6,3797.16,39157.0,399928.0,
上海,2014,25964.5,23567.7,107.35,34.7,20020.0,20019.0,1938.0,1938.0,89.3,,648.9,924.4,924.4,6016.4,,,46639984.0,4219.05,39133.0,411689.0,
上海,2015,27821.6,25123.45,107.0,31.81,373956.0,373956.0,47936.0,47936.0,88.53,,637.2,1083.66,1083.7,6352.7,,,,4858.16,46976.0,422972.0,
上海,2016,30963.9,28178.65,106.94,29.83,20188.0,20188.0,2617.34,2617.0,89.0,,627.8,1194.21,1194.2,6755.88,,28662.31,,5625.9,54339.0,435158.0,
上海,2017,34378.3,30632.99,106.9,30.46,19826.0,19826.0,2827.48,2827.0,89.1,,632.3,1344.31,1344.3,7246.6,,32242.9,,5865.51,54630.0,449390.0,
上海,2018,37769.1,32679.87,106.9,29.78,19877.0,19877.0,2972.04,2972.0,89.13,,640.7,1470.84,1470.8,,2.8,34012.09,,6285.04,62755.0,,
上海,2019,40241.2,38155.32,106.6,27.0,18785.0,18785.0,3055.47,3055.0,89.22,,716.1,1556.42,1556.4,,5.9,34054.05,,6216.29,71398.0,,
上海,2020,41603.9,38700.58,106.0,26.6,,,,,89.3,1374.0,645.6,,,,1.8,34872.7,,5841.88,81042.0,,
上海,2021,47059.4,43214.9,101.7,26.49,26365.0,26365.0,4600.0,4600.0,89.3,1365.0,683.1,,,,10.7,40610.4,,6606.74,92527.0,,
上海,2022,48594.5,44652.8,108.1,25.7,25347.0,25347.0,4732.0,4732.0,89.33,1347.0,672.3,,,,-1.8,41810.8,,6349.17,89448.0,,
上海,2023,51404.5,47218.7,99.8,24.6,26187.0,26187.0,5123.0,5123.0,89.46,1345.0,647.6,,,,1.6,42135.3,,7109.14,97066.0,,
上海,2024,53759.5,53926.7,105.0,21.6,25520.0,25520.0,5169.0,5169.0,89.85,1330.0,676.7,,,,1.9,42706.73,,7082.67,100217.0,,
云南,2005,,3461.73,109.0,41.2,589039.0,,44325.0,,29.5,2461.32,,255.06,,1777.63,,,474344.1,312.65,776.0,647176.0,
云南,2006,4157.7,3988.14,110.45,42.8,41359.0,41359.0,3112.0,3112.0,30.5,2517.6,,274.83,274.8,2208.6,,,1535805.775,379.97,1005.0,650316.0,650316.0
云南,2007,5166.0,4772.52,112.2,43.3,41269.0,41269.0,3074.0,3074.0,31.6,2600.82,,315.03,315.0,2759.03,,,879356.7,378.64,1014.0,659890.0,659890.0
云南,2008,6120.6,5692.12,111.75,43.0,40947.0,40947.0,3225.0,3225.0,33.0,2679.5,303.5,356.57,356.6,3435.93,,,959691.6,482.39,1474.0,681574.0,681574.0
云南,2009,6690.2,6169.75,111.55,41.9,40460.0,40460.0,3478.0,3478.0,34.0,2730.2,312.0,400.24,400.2,4526.37,,,804759.5,548.11,1637.0,688529.0,688529.0
云南,2010,7869.9,7224.18,112.19999999999999,44.6,,,,,34.7,2814.11,322.8,441.59,441.6,5528.71,,,1343012.0,702.16,2333.0,697176.0,697176.0
云南,2011,9666.2,8893.12,113.0,42.5,39564.0,39564.0,3041.0,3041.0,36.57,,350.1,514.12,514.1,6191.0,,,1602877.3,881.95,2796.0,739324.0,739324.0
云南,2012,11266.3,10309.47,113.35,42.87,38874.0,38874.0,3015.0,3015.0,38.47,,392.7,563.01,563.0,7831.13,,,2101373.2,1063.9,3324.0,745748.0,
云南,2013,13027.0,11832.31,112.55,42.0,38680.0,38680.0,3099.0,3099.0,39.99,,428.1,620.23,620.2,9968.3,,,2530355.9,1215.66,3961.0,744388.0,
云南,2014,14275.1,12814.59,110.1,41.2,38902.0,38902.0,3393.0,3393.0,41.21,,419.6,700.5,700.5,11498.5,,,2960742.0,1233.23,4732.0,756018.0,
云南,2015,15358.6,13619.17,108.1,39.77,738612.0,738612.0,62088.0,62088.0,42.93,,414.7,672.06,672.1,13500.62,,,,1210.54,6301.0,748016.0,
云南,2016,16773.6,14788.42,108.7,38.48,40141.0,40141.0,3362.36,3362.0,44.64,,419.0,748.67,748.7,16119.4,,1316.91,,1173.52,7907.0,761270.0,
云南,2017,18864.6,16376.34,108.7,37.89,39709.0,39709.0,3335.85,3336.0,46.29,,422.4,796.27,796.3,18935.99,,1582.49,,1233.85,7801.0,784141.0,
云南,2018,21427.5,17881.12,109.5,38.91,39584.0,39584.0,3790.33,3790.0,47.44,,427.0,847.43,847.4,,14.9,1970.64,,1423.25,9606.0,,
云南,2019,23902.1,23223.75,108.9,34.3,37874.0,37874.0,3743.39,3743.0,48.67,,367.5,919.41,919.4,,18.2,2323.7,,1450.63,8996.0,,
云南,2020,25214.5,24521.9,108.1,33.8,,,,,50.05,2806.0,358.2,,,,5.3,2692.8,,1453.07,9753.0,,
云南,2021,27895.3,27146.8,104.0,35.32,49677.0,49677.0,5601.0,5601.0,51.05,2774.0,358.1,,,,-9.5,3143.8,,1514.21,10293.0,,
云南,2022,29301.1,28954.2,107.3,36.2,48066.0,48066.0,5608.0,5608.0,51.72,2735.0,355.3,,,,11.7,3244.0,,1197.32,12036.0,,
云南,2023,30595.8,30021.1,104.3,34.2,49205.0,49205.0,5880.0,5880.0,52.92,2748.0,345.0,,,,-11.5,2588.0,,1387.76,12493.0,,
云南,2024,31423.4,31534.1,103.85,32.8,47918.0,47918.0,5783.0,5783.0,54.11,2707.0,334.1,,,,-18.6,2484.36,,1416.69,14231.0,,
内蒙古,2005,,3905.03,123.8,45.5,315884.0,,25056.0,,47.2,1041.13,,150.48,,2643.6,,,487625.38,277.46,307.0,465517.0,
内蒙古,2006,4212.3,4944.25,121.4,48.6,22180.0,22180.0,1728.0,1728.0,48.64,1051.2,,161.41,161.4,3363.21,,,934598.555,343.38,430.0,470959.0,470959.0
内蒙古,2007,5239.6,6423.18,119.05,51.8,22066.0,22066.0,1802.0,1802.0,50.15,1081.53,,176.45,176.5,4372.88,,,773588.5,347.91,565.0,486148.0,486148.0
内蒙古,2008,6352.4,8496.2,118.15,55.0,21816.0,21816.0,1769.0,1769.0,51.71,1103.28,244.8,208.19,208.2,5475.41,,,891848.3,464.45,695.0,492673.0,492673.0
内蒙古,2009,7227.0,9740.25,117.05000000000001,52.5,21499.0,21499.0,1818.0,1818.0,53.4,1142.47,245.8,234.26,234.3,7336.79,,,677406.6,576.83,719.0,493000.0,493000.0
内蒙古,2010,8342.1,11672.0,115.95,54.6,,,,,55.5,1184.68,249.2,258.81,258.8,8926.46,,,872974.1,752.81,932.0,482413.0,482413.0
内蒙古,2011,9610.8,14359.88,114.65,56.0,21203.0,21203.0,1461.0,1461.0,57.04,,262.4,301.53,301.5,10365.17,,,1193090.4,985.69,1267.0,495875.0,495875.0
内蒙古,2012,10638.9,15880.58,112.9,55.42,20775.0,20775.0,1636.0,1636.0,58.42,,270.8,360.87,360.9,11875.74,,,1125898.2,1119.87,1492.0,499833.0,
内蒙古,2013,11584.9,16916.5,110.25,54.0,20613.0,20613.0,1762.0,1762.0,59.82,,303.8,467.43,467.4,14217.38,,,1199457.2,1215.2,1935.0,497355.0,
内蒙古,2014,12377.3,17770.19,108.4,51.3,20672.0,20671.0,1929.0,1929.0,60.97,,301.5,522.7,522.7,17591.8,,,1455632.0,1251.07,1924.0,484318.0,
内蒙古,2015,13062.7,17831.51,107.8,50.48,390222.0,390222.0,37288.0,37288.0,62.09,,298.3,512.01,512.0,13702.22,,,,1320.75,2254.0,483173.0,
内蒙古,2016,13879.0,18128.1,107.7,47.18,21136.0,21136.0,1994.8,1995.0,63.4,,293.2,525.26,525.3,15080.01,,768.68,,1335.88,2878.0,486842.0,
内蒙古,2017,15009.9,16096.21,107.2,39.76,20849.0,20849.0,2259.87,2260.0,64.6,,280.6,588.63,588.6,14013.16,,940.86,,1286.91,2845.0,482269.0,
内蒙古,2018,16252.9,17289.22,104.0,39.37,20781.0,20781.0,2046.6,2047.0,65.51,,272.4,589.11,589.1,,-12.3,1034.66,,1399.86,3757.0,,
内蒙古,2019,17479.4,17212.53,105.3,39.6,19744.0,19744.0,2013.17,2013.0,66.46,,280.9,619.5,619.5,,10.4,1097.49,,1539.69,4889.0,,
内蒙古,2020,17623.4,17359.82,105.2,39.6,,,,,67.48,1242.0,270.6,,,,5.6,1054.2,,1457.76,5381.0,,
内蒙古,2021,21584.8,20514.2,100.2,45.7,25418.0,25418.0,3518.0,3518.0,68.21,1218.0,267.7,,,,7.2,1235.6,,1671.05,5998.0,,
内蒙古,2022,23795.7,23158.6,106.3,48.5,24595.0,24595.0,3613.0,3613.0,68.6,1190.0,265.5,,,,16.2,1506.6,,2134.4,6676.0,,
内蒙古,2023,25020.5,24627.0,104.2,47.5,25229.0,25229.0,3899.0,3899.0,69.58,1211.0,268.7,,,,20.4,1960.0,,2331.22,8248.0,,
内蒙古,2024,26337.0,26314.6,106.55,44.1,24578.0,24578.0,3942.0,3942.0,70.73,1198.0,284.3,,,,8.7,2074.88,,2212.42,11625.0,,
北京,2005,,6969.52,111.8,29.5,203582.0,,22014.0,,83.62,920.35,,379.2,,2827.23,,,12550642.53,919.21,12102.0,339209.0,
北京,2006,8618.9,8117.78,112.8,27.8,14294.0,14294.0,1605.0,1605.0,84.33,919.7,,426.43,426.4,3296.38,,,15803662.77,1117.15,14226.0,338690.0,338690.0
北京,2007,10730.4,9846.81,113.3,26.8,14554.0,14554.0,1484.0,1484.0,84.5,1111.42,,398.26,398.3,3907.2,,,19299976.1,1435.67,18763.0,340120.0,340120.0
北京,2008,12167.6,11115.0,109.0,25.7,14813.0,14813.0,1524.0,1524.0,84.9,1173.8,570.3,441.52,441.5,3814.73,,,27169289.9,1775.58,28394.0,348675.0,348675.0
北京,2009,13335.7,12153.03,110.2,23.5,15096.0,15096.0,1524.0,1524.0,85.0,1255.08,619.3,478.4,478.4,4616.92,,,21473305.3,1913.97,29326.0,352533.0,352533.0
北京,2010,15420.2,14113.58,110.3,24.0,,,,,85.96,1317.66,646.6,525.98,526.0,5402.95,,,30172154.8,2251.59,33466.0,341509.0,341509.0
北京,2011,17653.3,16251.93,108.1,23.1,17246.0,17246.0,1521.0,1521.0,86.2,,685.9,558.81,558.8,5578.93,,,38955597.7,2854.63,45057.0,364568.0,364568.0
北京,2012,19568.3,17879.4,107.7,22.7,17266.0,17266.0,1485.0,1485.0,86.29,,717.4,592.33,592.3,6112.37,,,40810731.9,3124.75,52720.0,375600.0,
北京,2013,21746.0,19800.81,107.7,22.3,17454.0,17454.0,1498.0,1498.0,86.39,,742.3,640.28,640.3,6847.06,,,42899581.2,3514.52,67554.0,388073.0,
北京,2014,23577.5,21330.83,107.3,21.3,17758.0,17757.0,1518.0,1518.0,86.5,,755.9,828.6,828.6,6924.2,,,41551859.0,3861.29,78129.0,406864.0,
北京,2015,26034.1,23014.59,,19.74,335775.0,335775.0,35775.0,35775.0,86.71,,777.3,951.73,951.7,7495.99,,,,4263.91,88930.0,407724.0,
北京,2016,28438.7,25669.13,,19.26,18132.0,18132.0,2128.81,2129.0,86.76,,791.5,1046.74,1046.7,7943.89,,18649.0,,4452.97,104643.0,414296.0,
北京,2017,31325.9,28014.94,,19.01,17801.0,17801.0,2225.47,2225.0,86.93,,812.9,1141.38,1141.4,8370.44,,21943.71,,4676.68,99167.0,423939.0,
北京,2018,35161.4,30319.98,,18.63,17673.0,17673.0,1988.79,1989.0,87.09,,819.3,1202.42,1202.4,,-15.5,27185.54,,4988.83,117664.0,,
北京,2019,37767.0,35371.28,,16.2,16666.0,16666.0,1909.01,1909.0,87.35,,791.3,1187.47,1187.5,,-3.2,28689.71,,4822.98,129930.0,,
北京,2020,38503.6,36102.55,,15.8,,,,,87.55,1164.0,739.9,,,,3.4,23313.0,,4643.87,145035.0,,
北京,2021,44350.7,40269.6,,18.05,23185.0,23185.0,3300.0,3300.0,87.5,1158.0,759.5,,,,11.2,30438.4,,5164.64,167608.0,,
北京,2022,45222.4,41610.9,,15.9,22372.0,22372.0,3382.0,3382.0,87.57,1132.0,747.1,,,,-7.1,36420.1,,4867.07,189198.0,,
北京,2023,47353.7,43760.7,,14.9,23018.0,23018.0,3650.0,3650.0,87.83,1129.0,755.6,,,,4.0,36448.5,,5357.09,205179.0,,
北京,2024,49670.2,49843.1,105.2,14.5,22470.0,22470.0,3703.0,3703.0,88.22,1118.0,763.6,,,,-4.7,36078.83,,5473.16,210052.0,,
吉林,2005,,3620.27,112.1,43.6,359512.0,,27577.0,,52.52,1099.41,,176.93,,1741.09,,,652772.31,207.15,1290.0,559747.0,
吉林,2006,3271.5,4275.12,113.55,44.8,25243.0,25243.0,2084.0,2084.0,52.97,1250.5,,166.36,166.4,2594.34,,,1339571.3900000001,245.2,1335.0,549781.0,549781.0
吉林,2007,4134.7,5284.69,115.55,46.8,25067.0,25067.0,2208.0,2208.0,53.16,1096.19,,177.11,177.1,3651.36,,,1029800.1,237.39,1635.0,558105.0,558105.0
吉林,2008,4905.4,6426.1,116.05,47.7,24764.0,24764.0,2260.0,2260.0,53.21,1143.51,262.0,215.96,216.0,5038.92,,,1333212.5,311.07,1895.0,561051.0,561051.0
吉林,2009,5515.3,7278.75,114.8,48.7,24349.0,24349.0,2164.0,2164.0,53.32,1184.71,265.3,246.04,246.0,6411.6,,,1174240.7,361.11,2166.0,552889.0,552889.0
吉林,2010,6505.9,8667.58,113.69999999999999,52.0,,,,,53.35,1248.67,267.6,309.22,309.2,7870.38,,,1684518.2,439.31,2789.0,533203.0,533203.0
吉林,2011,7857.7,10568.83,113.8,53.1,23490.0,23490.0,2044.0,2044.0,53.4,,277.9,363.72,363.7,7441.71,,,2206093.0,624.19,3334.0,535262.0,535262.0
吉林,2012,8831.3,11939.24,112.9,53.41,22949.0,22949.0,1776.0,1776.0,54.54,,285.5,407.07,407.1,9511.54,,,2456300.9,760.57,3913.0,514732.0,
吉林,2013,9608.6,13046.4,110.15,52.8,22707.0,22707.0,2193.0,2193.0,55.74,,338.4,473.14,473.1,9979.26,,,2583173.5,856.41,4549.0,508073.0,
吉林,2014,10077.0,13803.14,107.4,52.8,22714.0,22715.0,2310.0,2310.0,56.81,,334.4,512.4,512.4,11339.6,,,2638079.0,884.4,5288.0,492204.0,
吉林,2015,10162.9,14063.13,106.5,49.82,428511.0,428511.0,46769.0,46769.0,57.64,,325.1,580.36,580.4,12705.29,,,,867.12,6154.0,479672.0,
吉林,2016,10603.5,14776.8,106.3,47.41,22945.0,22945.0,2490.24,2490.0,58.75,,322.1,615.15,615.2,13923.2,,1217.62,,872.97,7537.0,475490.0,
吉林,2017,11083.0,14944.53,106.9,46.83,22424.0,22424.0,2734.63,2735.0,59.71,,307.1,726.86,726.9,13283.89,,1254.98,,854.03,7780.0,463984.0,
吉林,2018,11437.4,15074.62,105.3,42.53,22173.0,22173.0,2743.18,2743.0,60.85,,279.3,768.11,768.1,,1.8,1363.1,,891.75,10530.0,,
吉林,2019,11949.4,11726.82,104.5,35.2,20939.0,20939.0,2782.5,2783.0,61.63,,277.3,817.7,817.7,,-13.1,1302.77,,797.98,11269.0,,
吉林,2020,12499.5,12311.32,103.0,35.1,,,,,62.64,1261.0,257.8,,,,9.5,1282.3,,771.95,11113.0,,
吉林,2021,13431.1,13235.5,102.4,36.03,25158.0,25158.0,4205.0,4205.0,63.36,1228.0,254.7,,,,1.7,1503.8,,809.41,12680.0,,
吉林,2022,13121.4,13070.2,106.6,35.4,24045.0,24045.0,4269.0,4269.0,63.72,1185.0,242.3,,,,-5.3,1559.4,,570.63,15518.0,,
吉林,2023,13942.7,13531.2,98.1,33.9,24629.0,24629.0,4594.0,4594.0,64.73,1170.0,233.9,,,,-7.4,1678.8,,699.57,17576.0,,
吉林,2024,14305.0,14361.2,105.3,31.9,23845.0,23845.0,4629.0,4629.0,65.78,1161.0,240.6,,,,-1.8,1764.21,,682.13,21148.0,,
四川,2005,,7385.1,112.61,41.5,1087009.0,,118672.0,,33.0,4603.5,,488.54,,3585.18,,,790196.38,479.66,2256.0,983303.0,
四川,2006,8602.1,8690.24,112.975,43.7,76324.0,76324.0,8625.0,8625.0,34.3,4715.0,,575.96,576.0,4412.88,,,3110468.965,607.59,2930.0,996897.0,996897.0
四川,2007,10694.5,10562.39,113.755,44.2,75201.0,75201.0,8261.0,8261.0,35.6,4778.64,,607.16,607.2,5639.8,,,1437812.4,628.95,3406.0,999505.0,999505.0
四川,2008,12941.4,12601.23,111.845,46.3,73722.0,73722.0,8440.0,8440.0,37.4,4874.46,550.9,667.36,667.4,7127.81,,,2211364.7,732.07,4098.0,1014272.0,1014272.0
四川,2009,14396.2,14151.28,112.00999999999999,47.4,72471.0,72471.0,8838.0,8838.0,38.7,4945.23,564.4,728.29,728.3,11371.87,,,2416865.1,886.67,6260.0,1012281.0,1012281.0
四川,2010,17466.7,17185.48,114.8,50.5,,,,,40.18,4997.61,570.6,765.01,765.0,13116.72,,,3269386.4,1180.58,8342.0,991047.0,991047.0
四川,2011,21313.1,21026.68,115.05,52.5,68777.0,68777.0,8277.0,8277.0,41.85,,614.0,795.03,795.0,14222.22,,,4772416.9,1537.42,11808.0,1016124.0,1016124.0
四川,2012,24224.9,23872.8,113.8,51.66,67386.0,67386.0,7961.0,7961.0,43.35,,640.9,884.1,884.1,17039.98,,,5914359.8,1827.04,16368.0,1017865.0,
四川,2013,26858.4,26392.07,111.3,51.7,66904.0,66904.0,8536.0,8536.0,44.96,,846.2,955.03,955.0,20326.11,,,6457465.8,2103.51,23510.0,1036121.0,
四川,2014,29357.5,28536.66,109.25,48.9,67179.0,67179.0,9398.0,9398.0,46.51,,808.7,983.7,983.7,23318.6,,,7020297.0,2312.46,29926.0,1048175.0,
四川,2015,30829.1,30053.1,108.5,44.08,1277289.0,1277289.0,165273.0,165273.0,48.27,,795.5,1344.99,1345.0,25525.9,,,,2353.51,40437.0,1053903.0,
四川,2016,33879.2,32934.54,107.9,40.84,69457.0,69457.0,9513.21,9513.0,50.0,,787.5,1405.89,1405.9,28811.95,,3261.45,,2329.23,54277.0,1068656.0,
四川,2017,38517.1,36980.22,107.8,38.75,68609.0,68609.0,9557.24,9557.0,51.78,,792.2,965.8,965.8,31902.09,,4604.87,,2430.32,64642.0,1082018.0,
四川,2018,43539.0,40678.13,108.1,37.67,68344.0,68344.0,10243.67,10244.0,53.5,,780.6,1129.13,1129.1,,-5.6,5946.71,,2819.77,53805.0,,
四川,2019,47168.6,46615.82,108.0,37.3,65230.0,65230.0,10266.2,10266.0,55.36,,788.9,1329.24,1329.2,,10.0,6789.83,,2888.74,39539.0,,
四川,2020,49445.1,48598.76,107.5,36.2,,,,,56.73,4745.0,861.8,,,,-0.1,8088.6,,2967.2,41417.0,,
四川,2021,55131.3,53850.8,103.8,36.96,88670.0,88670.0,15590.0,15590.0,57.82,4727.0,871.5,,,,2.9,9513.6,,3334.86,45358.0,,
四川,2022,57609.4,56749.8,108.2,37.3,85772.0,85772.0,15546.0,15546.0,58.35,4706.0,881.4,,,,10.3,10044.3,,3151.43,48283.0,,
四川,2023,61353.4,60132.9,102.9,35.4,88112.0,88112.0,16268.0,16268.0,59.49,4722.0,883.6,,,,3.9,9558.1,,3700.9,53454.0,,
四川,2024,64537.9,64697.0,105.85,35.3,86091.0,86091.0,15878.0,15878.0,60.1,4663.0,821.2,,,,-4.6,10452.55,,3601.04,58261.0,,
天津,2005,,3905.64,114.7,55.5,138060.0,,13377.0,,75.11,426.88,,114.17,,1495.14,,,5327680.45,331.85,4470.0,247879.0,
天津,2006,3592.5,4462.74,114.6,57.1,9694.0,9694.0,1023.0,1023.0,75.73,562.92,,122.8,122.8,1820.52,,,8937237.14,417.05,4981.0,247307.0,247307.0
天津,2007,4229.8,5252.76,114.85,57.3,9896.0,9896.0,1074.0,1074.0,76.31,432.74,,135.3,135.3,2353.15,,,7144973.3,438.36,5364.0,247584.0,247584.0
天津,2008,5278.3,6719.01,115.85,60.1,10114.0,10114.0,1242.0,1242.0,77.23,503.14,200.6,129.32,129.3,3389.79,,,8040083.6,546.26,6281.0,249716.0,249716.0
天津,2009,5828.6,7521.85,116.5,53.0,10473.0,10473.0,1156.0,1156.0,78.01,507.26,201.7,127.31,127.3,4738.2,,,6383123.4,614.27,6367.0,250599.0,250599.0
天津,2010,6991.6,9224.46,116.95,52.5,,,,,79.55,520.78,205.7,140.61,140.6,6278.09,,,8210005.0,776.65,7347.0,239596.0,239596.0
天津,2011,8240.8,11307.28,116.9,52.4,11577.0,11577.0,1131.0,1131.0,80.43,,268.2,145.35,145.3,7067.67,,,10337616.5,1004.51,10623.0,254234.0,254234.0
天津,2012,9193.0,12893.88,115.1,51.68,11791.0,11791.0,1233.0,1233.0,81.55,,289.1,148.06,148.1,7934.78,,,11563427.2,1105.56,13587.0,256523.0,
天津,2013,10075.2,14442.01,113.15,50.6,12150.0,12150.0,1392.0,1392.0,82.29,,302.4,152.29,152.3,9130.25,,,12850178.8,1310.66,21946.0,262002.0,
天津,2014,10749.2,15726.93,111.25,49.2,12518.0,12517.0,1462.0,1462.0,82.55,,295.5,163.7,163.7,10518.2,,,13388608.0,1486.88,23391.0,262166.0,
天津,2015,10889.2,16538.19,110.0,46.58,239370.0,239370.0,24641.0,24641.0,82.88,,294.8,184.12,184.1,11831.99,,,,1578.07,28510.0,257232.0,
天津,2016,11487.0,17885.39,109.3,42.33,13046.0,13046.0,1482.31,1482.0,83.27,,286.0,209.65,209.7,12779.39,,6776.31,,1624.22,38153.0,259624.0,
天津,2017,12468.2,18549.19,109.1,40.94,12778.0,12778.0,1441.76,1442.0,83.57,,269.5,237.42,237.4,11288.92,,7645.12,,1611.96,25652.0,259727.0,
天津,2018,13411.1,18809.64,103.64,40.46,12794.0,12794.0,1396.88,1397.0,83.95,,260.0,205.48,205.5,,-9.8,8080.18,,1624.89,26661.0,,
天津,2019,14097.2,14104.28,103.6,35.2,12095.0,12095.0,1461.24,1461.0,84.31,,269.4,226.47,226.5,,13.4,7346.07,,1634.35,24574.0,,
天津,2020,14230.8,14083.73,104.8,34.1,,,,,84.7,647.0,255.3,,,,-5.1,7367.9,,1500.14,22057.0,,
天津,2021,16093.2,15695.0,101.5,37.3,14541.0,14541.0,2315.0,2315.0,84.88,641.0,256.4,,,,3.2,8567.4,,1621.89,21370.0,,
天津,2022,16588.5,16311.3,106.6,37.0,13959.0,13959.0,2374.0,2374.0,85.11,621.0,243.3,,,,-22.1,8302.3,,1346.94,21466.0,,
天津,2023,17211.8,16737.3,101.0,35.7,14362.0,14362.0,2572.0,2572.0,85.49,635.0,219.0,,,,3.3,8008.6,,1579.13,24263.0,,
天津,2024,17931.3,18024.3,104.69999999999999,34.5,14037.0,14037.0,2606.0,2606.0,86.01,634.0,226.0,,,,1.1,8132.86,,1621.25,27037.0,,
宁夏,2005,,612.61,110.9,46.4,78892.0,,4753.0,,42.28,299.61,,41.99,,443.25,,,96657.42,47.72,106.0,121251.0,
宁夏,2006,691.6,725.9,111.80000000000001,49.2,5539.0,5539.0,330.0,330.0,43.0,308.1,,50.9,50.9,498.75,,,258819.095,61.36,172.0,121378.0,121378.0
宁夏,2007,887.9,919.11,112.7,50.8,5560.0,5560.0,347.0,347.0,44.02,309.46,,64.69,64.7,599.8,,,158151.5,58.79,112.0,117468.0,117468.0
宁夏,2008,1153.7,1203.92,112.45,52.9,5533.0,5533.0,358.0,358.0,44.98,303.92,57.1,57.51,57.5,828.85,,,187940.4,77.74,160.0,112598.0,112598.0
宁夏,2009,1284.8,1353.31,112.05000000000001,48.9,5504.0,5504.0,374.0,374.0,46.1,328.51,58.1,69.23,69.2,1075.91,,,120247.9,90.74,182.0,111153.0,111153.0
宁夏,2010,1595.3,1689.65,112.7,49.0,,,,,47.9,325.98,59.3,81.02,81.0,1444.16,,,195998.9,126.79,268.0,108376.0,108376.0
宁夏,2011,1959.3,2102.21,112.8,50.2,5463.0,5463.0,299.0,299.0,50.2,,60.9,95.14,95.1,1644.74,,,228574.7,177.13,442.0,111942.0,111942.0
宁夏,2012,2162.0,2341.29,111.8,49.52,5400.0,5400.0,358.0,358.0,51.15,,67.4,98.92,98.9,2096.86,,,221670.6,207.02,846.0,107582.0,
宁夏,2013,2364.9,2577.57,110.65,49.3,5399.0,5399.0,382.0,382.0,52.84,,72.2,95.82,95.8,2651.14,,,321768.6,237.49,1792.0,106644.0,
宁夏,2014,2516.4,2752.1,108.9,48.7,5460.0,5460.0,370.0,370.0,54.82,,73.2,114.7,114.7,3173.8,,,543521.0,250.33,2183.0,111671.0,
宁夏,2015,2644.7,2911.77,108.0,47.38,103820.0,103820.0,7643.0,7643.0,56.98,,73.1,136.0,136.0,3505.45,,,,256.31,2626.0,114471.0,
宁夏,2016,2853.3,3168.59,108.0,46.97,5666.0,5666.0,441.07,441.0,58.74,,70.7,152.72,152.7,3794.25,,215.17,,246.55,2510.0,117951.0,
宁夏,2017,3271.6,3443.56,108.1,45.9,5627.0,5627.0,476.03,476.0,60.95,,71.1,172.08,172.1,3728.38,,341.52,,270.3,2561.0,119246.0,
宁夏,2018,3580.6,3705.18,107.8,44.54,5638.0,5638.0,506.9,507.0,62.15,,68.0,125.1,125.1,,-16.3,248.86,,298.3,2999.0,,
宁夏,2019,3841.5,3748.48,107.0,42.3,5404.0,5404.0,513.61,514.0,63.63,,70.0,146.18,146.2,,-2.8,240.73,,267.5,2525.0,,
宁夏,2020,4036.2,3920.55,106.5,41.0,,,,,64.96,344.0,69.1,,,,19.8,123.4,,263.87,2574.0,,
宁夏,2021,4666.5,4522.3,103.9,44.7,7678.0,7678.0,772.0,772.0,66.04,345.0,70.7,,,,2.7,214.0,,300.74,3054.0,,
宁夏,2022,5168.1,5069.6,106.7,48.3,7460.0,7460.0,778.0,778.0,66.34,336.0,71.2,,,,4.2,214.6,,306.83,3358.0,,
宁夏,2023,5368.8,5315.0,104.0,46.8,7676.0,7676.0,806.0,806.0,67.31,341.0,74.2,,,,10.0,205.5,,353.2,3518.0,,
宁夏,2024,5520.2,5502.8,106.0,42.4,7499.0,7499.0,798.0,798.0,68.22,336.0,79.2,,,,-7.4,203.1,,358.94,4417.0,,
安徽,2005,,5350.17,111.6,41.3,810095.0,,81754.0,,35.5,3484.67,,432.57,,2525.11,,,911938.85,334.02,903.0,714146.0,
安徽,2006,6602.6,6112.5,112.19999999999999,43.1,56880.0,56880.0,5807.0,5807.0,37.1,3741.0,,512.19,512.2,3533.56,,,3004483.415,428.03,1274.0,708707.0,708707.0
安徽,2007,8078.0,7360.92,113.35,44.7,56247.0,56247.0,5908.0,5908.0,38.7,3597.62,,485.26,485.3,5087.53,,,1593228.6,401.88,1602.0,711492.0,711492.0
安徽,2008,9691.2,8851.66,113.30000000000001,46.6,55498.0,55498.0,5963.0,5963.0,40.5,3594.59,343.7,444.27,444.3,6746.96,,,2018384.8,527.93,2729.0,740121.0,740121.0
安徽,2009,11063.3,10062.82,112.80000000000001,48.7,54638.0,54638.0,5545.0,5545.0,42.1,3689.75,359.9,460.43,460.4,8990.73,,,1567772.6,629.32,4465.0,746743.0,746743.0
安徽,2010,13474.6,12359.33,113.75,52.1,,,,,43.01,3846.76,372.9,570.79,570.8,11542.94,,,2427337.2,866.55,6396.0,735751.0,735751.0
安徽,2011,16532.7,15300.65,114.05,54.3,50989.0,50989.0,5342.0,5342.0,44.8,,411.6,598.5,598.5,12455.69,,,3130924.5,1108.31,10982.0,750273.0,750273.0
安徽,2012,18613.7,17212.05,112.8,54.64,49963.0,49963.0,5155.0,5155.0,46.3,,436.8,646.22,646.2,15425.83,,,3928454.3,1305.09,19391.0,724184.0,
安徽,2013,20888.2,19229.34,111.25,54.6,49765.0,49765.0,5241.0,5241.0,47.87,,519.7,705.06,705.1,18621.9,,,4551896.9,1520.22,34857.0,748081.0,
安徽,2014,22880.7,20848.75,109.80000000000001,53.1,50201.0,50201.0,5231.0,5231.0,49.31,,521.7,816.4,816.4,21875.6,,,4917730.0,1692.52,49960.0,757410.0,
安徽,2015,24142.7,22005.63,109.2,49.75,955845.0,955845.0,106895.0,106895.0,50.97,,513.8,919.34,919.3,24385.97,,,,1799.89,68314.0,754723.0,
安徽,2016,26801.2,24407.62,108.71,48.43,52056.0,52056.0,5969.0,5969.0,52.62,,517.1,1056.18,1056.2,27033.38,,2936.06,,1857.53,95963.0,751697.0,
安徽,2017,30141.8,27018.0,108.69,47.52,51658.0,51658.0,6712.82,6713.0,54.29,,516.2,1232.69,1232.7,29275.06,,3657.21,,1970.68,93527.0,752546.0,
安徽,2018,34377.3,30006.82,108.46,46.13,51812.0,51812.0,6840.06,6840.0,55.65,,592.3,1410.02,1410.0,,13.2,4141.93,,2180.74,108782.0,,
安徽,2019,37584.8,37113.98,108.0,41.3,49562.0,49562.0,6922.82,6923.0,57.02,,581.0,1571.14,1571.1,,6.1,4737.18,,2209.73,62743.0,,
安徽,2020,38628.8,38680.63,107.5,40.5,,,,,58.33,3243.0,565.6,,,,6.4,5451.5,,2199.52,69663.0,,
安徽,2021,43102.8,42959.2,103.9,41.0,64744.0,64744.0,9997.0,9997.0,59.39,3215.0,563.2,,,,10.6,6920.2,,2389.9,64106.0,,
安徽,2022,45525.1,45045.0,108.3,41.3,62763.0,62763.0,9912.0,9912.0,60.15,3176.0,576.8,,,,2.9,7528.7,,2246.7,65368.0,,
安徽,2023,48227.5,47050.6,103.5,40.1,64452.0,64452.0,10228.0,10228.0,61.51,3191.0,591.3,,,,-1.5,8053.0,,2593.1,67093.0,,
安徽,2024,50646.7,50625.2,105.8,38.7,63020.0,63020.0,9885.0,9885.0,62.57,3171.0,627.4,,,,-3.6,8643.73,,2601.68,65961.0,,
山东,2005,,18366.87,115.2,57.4,1224142.0,,121794.0,,45.0,5110.8,,809.0,,9307.3,,,7673587.17,1073.13,4801.0,1504722.0,
山东,2006,19184.0,21900.19,115.0,57.7,85953.0,85953.0,8211.0,8211.0,46.1,5960.0,,894.53,894.5,11111.42,,,16791080.630000003,1356.25,7237.0,1494089.0,1494089.0
山东,2007,22994.5,25776.91,114.55,56.9,85696.0,85696.0,8350.0,8350.0,46.75,5262.2,,922.56,922.6,12537.7,,,12247444.3,1308.35,8795.0,1494182.0,1494182.0
山东,2008,27460.2,30933.28,113.19999999999999,57.0,84970.0,84970.0,8285.0,8285.0,47.6,5352.5,901.4,910.61,910.6,15435.93,,,15840751.1,1533.53,13714.0,1491836.0,1491836.0
山东,2009,29957.2,33896.65,112.15,55.8,83867.0,83867.0,8171.0,8171.0,48.32,5449.77,922.3,1039.74,1039.7,19034.53,,,13905336.9,1720.35,13983.0,1567276.0,1567276.0
山东,2010,34429.4,39169.92,112.25,54.2,,,,,49.7,5654.67,956.2,1185.01,1185.0,23280.52,,,18915629.2,2149.9,17259.0,1527315.0,1527315.0
山东,2011,39622.0,45361.85,111.6,52.9,82336.0,82336.0,8854.0,8854.0,50.86,,1050.4,1280.72,1280.7,26749.68,,,23588607.6,2603.13,25623.0,1582861.0,1582861.0
山东,2012,43584.3,50013.24,110.35,51.46,80810.0,80810.0,8496.0,8496.0,52.03,,1110.2,1375.01,1375.0,31255.98,,,24554432.4,3050.2,40381.0,1568017.0,
山东,2013,48058.1,55230.32,109.69999999999999,50.1,80331.0,80331.0,8822.0,8822.0,53.46,,1290.6,1502.33,1502.3,36789.07,,,26653153.3,3533.49,67642.0,1580703.0,
山东,2014,51552.7,59426.59,109.15,48.4,80788.0,80788.0,9267.0,9267.0,54.77,,1266.3,1757.4,1757.4,42495.5,,,27692940.0,3965.76,77298.0,1573110.0,
山东,2015,56159.1,63002.33,108.7,46.8,1530763.0,1530763.0,178471.0,178471.0,56.97,,1236.7,2042.45,2042.4,48312.44,,,,4203.12,93475.0,1580664.0,
山东,2016,59702.6,68024.49,107.95,46.08,83464.0,83464.0,9725.46,9725.0,59.13,,1215.5,2372.68,2372.7,53322.94,,15476.57,,4212.59,88359.0,1509921.0,
山东,2017,63958.6,72634.15,107.6,45.35,82502.0,82502.0,10672.21,10672.0,60.79,,1192.9,2719.2,2719.2,55202.72,,17923.35,,4419.4,67772.0,1598159.0,
山东,2018,67864.4,76469.67,107.36,43.99,82408.0,82408.0,12495.13,12495.0,61.46,,1129.0,3057.78,3057.8,,10.8,19302.92,,4897.92,72764.0,,
山东,2019,72024.3,71067.53,106.4,39.8,78318.0,78318.0,12401.83,12402.0,61.86,,1072.0,3755.21,3755.2,,-8.4,20471.02,,4849.29,69350.0,,
山东,2020,74355.9,73129.0,105.5,39.1,,,,,63.05,5510.0,1098.3,,,,5.8,22130.3,,4757.62,74420.0,,
山东,2021,84838.0,83095.9,103.6,39.94,107712.0,107712.0,17152.0,17152.0,63.94,5475.0,1108.3,,,,4.3,29304.1,,5475.99,82481.0,,
山东,2022,89519.4,87435.1,108.3,40.0,104093.0,104093.0,17407.0,17407.0,64.54,5338.0,1081.5,,,,1.0,32199.7,,4795.52,88744.0,,
山东,2023,94206.4,92068.7,103.9,39.1,106592.0,106592.0,18577.0,18577.0,65.53,5370.0,1077.0,,,,-1.2,32665.9,,5229.66,96906.0,,
山东,2024,98406.9,98565.8,105.85,40.2,103752.0,103752.0,18400.0,18400.0,66.48,5315.0,1099.4,,,,4.1,33795.54,,5039.89,110207.0,,
山西,2005,,4230.53,112.6,56.3,444096.0,,34244.0,,42.11,1476.37,,164.55,,1826.58,,,554565.49,368.34,610.0,664541.0,
山西,2006,4758.7,4878.61,112.19999999999999,57.8,31182.0,31182.0,2178.0,2178.0,43.01,1561.2,,194.52,194.5,2255.74,,,1065420.7,583.38,965.0,675520.0,675520.0
山西,2007,5991.9,6024.45,113.1,60.0,31069.0,31069.0,2268.0,2268.0,44.03,1550.1,,230.64,230.6,2861.46,,,1157948.3,430.5,1212.0,687679.0,687679.0
山西,2008,7295.8,7315.4,111.25,61.5,30779.0,30779.0,2424.0,2424.0,45.11,1583.46,375.2,259.25,259.3,3531.16,,,1439505.7,566.49,2053.0,717848.0,717848.0
山西,2009,7231.2,7358.31,106.75,54.3,30378.0,30378.0,2457.0,2457.0,45.99,1599.65,385.8,250.3,250.3,4943.16,,,856903.2,581.91,2422.0,728478.0,728478.0
山西,2010,9004.5,9200.86,109.65,56.9,,,,,48.05,1665.08,394.4,290.36,290.4,6063.17,,,1257622.5,692.71,3046.0,733186.0,733186.0
山西,2011,11005.1,11237.55,113.45,59.0,30698.0,30698.0,2384.0,2384.0,49.79,,409.7,317.9,317.9,7073.06,,,1474305.6,872.88,4602.0,738002.0,738002.0
山西,2012,11819.7,12112.83,111.55,55.57,30128.0,30128.0,2400.0,2400.0,51.32,,436.0,386.2,386.2,8863.26,,,1504310.9,1045.22,5417.0,743943.0,
山西,2013,12171.8,12665.25,109.5,53.9,29957.0,29957.0,2388.0,2388.0,52.88,,464.0,425.24,425.2,11031.89,,,1579097.9,1136.89,6025.0,757435.0,
山西,2014,12307.0,12761.49,106.9,49.3,30106.0,30107.0,2566.0,2566.0,54.3,,452.1,472.0,472.0,12354.5,,,1623281.0,1134.34,6107.0,759931.0,
山西,2015,12036.1,12766.49,104.9,40.69,569491.0,569491.0,52324.0,52324.0,55.87,,440.3,497.3,497.3,14074.15,,,,1056.6,5680.0,756631.0,
山西,2016,12160.1,13050.41,103.1,38.54,30910.0,30910.0,2688.21,2688.0,57.27,,430.6,553.39,553.4,14197.98,,1100.12,,1036.67,8208.0,759968.0,
山西,2017,14679.1,15528.42,104.5,43.65,30550.0,30550.0,2746.22,2746.0,58.59,,428.7,592.03,592.0,6040.54,,1162.84,,1397.43,7379.0,752796.0,
山西,2018,16153.1,16818.11,107.1,42.15,30481.0,30481.0,3147.44,3147.0,59.85,,425.8,642.78,642.8,,13.1,1369.09,,1645.67,9395.0,,
山西,2019,17311.0,17026.68,106.7,43.8,29012.0,29012.0,3189.85,3190.0,61.29,,441.1,693.26,693.3,,16.9,1447.94,,1783.66,8424.0,,
山西,2020,18202.7,17651.93,106.2,43.5,,,,,62.53,1738.0,442.6,,,,15.6,1504.3,,1625.99,9472.0,,
山西,2021,23087.8,22590.2,103.6,49.64,36863.0,36863.0,5043.0,5043.0,63.42,1715.0,442.9,,,,8.8,2230.3,,2094.72,10059.0,,
山西,2022,25653.2,25642.6,109.1,54.0,35655.0,35655.0,5163.0,5163.0,63.96,1672.0,438.3,,,,4.4,1831.3,,2696.55,9891.0,,
山西,2023,26050.8,25698.2,104.4,51.9,36496.0,36496.0,5549.0,5549.0,64.97,1704.0,434.8,,,,-9.6,1691.2,,2557.05,11387.0,,
山西,2024,25353.5,25494.7,103.65,43.2,35463.0,35463.0,5598.0,5598.0,66.32,1682.0,443.6,,,,-2.6,1742.28,,2300.16,13598.0,,
广东,2005,,22557.37,113.8,50.7,1217005.0,,90071.0,,60.68,4702.1,,1015.73,,6977.93,,,42796496.66,1807.2,12887.0,1193149.0,
广东,2006,26403.1,26587.76,114.195,51.3,85451.0,85451.0,6073.0,6073.0,63.0,5250.09,,1188.97,1189.0,7973.37,,,77484738.925,2179.46,21351.0,1212040.0,1212040.0
广东,2007,32308.5,31777.01,114.625,51.3,85649.0,85649.0,6305.0,6305.0,63.14,5292.84,,1355.79,1355.8,9294.26,,,63418595.4,2415.47,26692.0,1234792.0,1234792.0
广东,2008,37351.5,36796.71,112.35499999999999,51.6,85714.0,85714.0,6477.0,6477.0,63.37,5478.0,1007.9,1460.31,1460.3,10868.67,,,68496879.8,2864.79,28099.0,1265386.0,1265386.0
广东,2009,40215.7,39482.56,109.875,49.2,84981.0,84981.0,6356.0,6356.0,63.4,5643.34,1055.0,1553.33,1553.3,13353.15,,,61109404.9,3130.61,32247.0,1300813.0,1300813.0
广东,2010,46821.3,46013.06,111.05000000000001,50.0,,,,,66.18,5776.93,1118.5,1540.75,1540.8,15623.7,,,78489612.4,3803.47,40866.0,1249395.0,1249395.0
广东,2011,54009.6,53210.28,111.2,49.7,89750.0,89750.0,5884.0,5884.0,66.57,,1238.2,1670.85,1670.8,17069.2,,,91346733.1,4548.66,52012.0,1304048.0,1304048.0
广东,2012,58057.6,57067.92,109.1,48.54,88395.0,88395.0,6172.0,6172.0,67.15,,1304.0,1808.94,1808.9,18751.47,,,98402046.0,5073.88,60448.0,1295355.0,
广东,2013,63757.3,62474.79,108.35,47.3,87847.0,87847.0,6364.0,6364.0,68.09,,1967.0,2040.62,2040.6,22308.39,,,109158143.7,5767.94,68990.0,1314267.0,
广东,2014,69593.4,67809.85,108.15,46.3,88503.0,88503.0,7322.0,7322.0,68.62,,1973.3,2526.8,2526.8,26293.9,,,107658447.0,6510.47,75147.0,1346947.0,
广东,2015,75820.8,72812.55,107.8,44.79,1681666.0,1681666.0,123964.0,123964.0,69.51,,1948.0,3020.45,3020.4,30343.03,,,,7377.07,103941.0,1359029.0,
广东,2016,83493.4,80854.91,108.0,43.42,92107.0,92107.0,7085.91,7086.0,70.15,,1957.6,3637.8,3637.8,33303.64,,63100.52,,8098.63,155581.0,1386623.0,
广东,2017,93004.8,89705.23,107.5,42.37,91922.0,91922.0,7120.96,7121.0,70.74,,1963.1,4179.59,4179.6,37761.75,,68168.76,,8871.89,182639.0,1397444.0,
广东,2018,101875.9,97277.77,107.54,41.83,93024.0,93024.0,7686.71,7687.0,71.81,,1994.1,4585.19,4585.2,,9.5,71602.1,,9737.51,216469.0,,
广东,2019,110468.1,107671.07,106.8,40.4,89429.0,89429.0,7671.65,7672.0,72.65,,2064.6,5068.48,5068.5,,10.4,71487.7,,10063.95,203311.0,,
广东,2020,113708.9,110760.94,106.2,39.2,,,,,74.15,7039.0,2085.3,,,,14.8,70871.1,,9881.95,215926.0,,
广东,2021,127577.4,124369.7,102.3,40.38,134340.0,134340.0,12252.0,12252.0,74.63,7072.0,2110.9,,,,9.3,82680.3,,10785.23,242551.0,,
广东,2022,132547.1,129118.6,108.0,40.9,129642.0,129642.0,12440.0,12440.0,74.79,6904.0,2066.6,,,,-11.5,83001.8,,9286.11,236957.0,,
广东,2023,137905.4,135673.2,101.9,40.1,133790.0,133790.0,13330.0,13330.0,75.42,7057.0,1990.0,,,,4.6,83017.2,,10244.77,240223.0,,
广东,2024,141488.9,141633.8,104.15,38.4,131542.0,131542.0,13399.0,13399.0,75.91,7061.0,2049.4,,,,-13.1,90977.9,,9817.74,259373.0,,
广西,2005,,3984.1,113.2,37.1,616837.0,,58931.0,,33.62,2703.06,,247.13,,1661.17,,,518150.38,283.04,641.0,723900.0,
广西,2006,4479.8,4746.16,113.4,38.9,43311.0,43311.0,3892.0,3892.0,34.64,2760.0,,268.07,268.1,2198.72,,,2887905.43,342.58,679.0,731406.0,731406.0
广西,2007,5556.4,5823.41,114.35,40.7,43442.0,43442.0,3991.0,3991.0,36.24,2759.61,,313.7,313.7,2939.67,,,925899.7,282.68,945.0,745589.0,745589.0
广西,2008,6561.9,7021.0,113.94999999999999,42.4,43252.0,43252.0,4045.0,4045.0,38.16,2807.16,292.8,341.08,341.1,3756.41,,,1323616.8,346.49,1086.0,756850.0,756850.0
广西,2009,7243.4,7759.16,113.35,43.6,42891.0,42891.0,3993.0,3993.0,39.2,2862.63,301.4,383.99,384.0,5237.24,,,1425472.6,417.68,1280.0,754256.0,754256.0
广西,2010,8712.0,9569.85,114.05000000000001,47.1,,,,,40.0,2945.34,316.7,412.55,412.5,7057.56,,,1773890.6,533.87,1574.0,733726.0,733726.0
广西,2011,10472.7,11720.87,113.25,48.4,39686.0,39686.0,3786.0,3786.0,41.9,,341.6,433.86,433.9,7990.66,,,2335596.6,644.8,2757.0,752309.0,752309.0
广西,2012,11496.6,13035.1,111.8,47.93,39066.0,39066.0,3644.0,3644.0,43.48,,358.0,477.61,477.6,9808.61,,,2948446.0,762.46,6511.0,697671.0,
广西,2013,12680.6,14449.9,110.75,47.7,38947.0,38947.0,3620.0,3620.0,45.11,,403.0,508.85,508.8,11907.67,,,3282749.9,875.74,14382.0,737906.0,
广西,2014,13856.7,15672.89,109.35,46.7,39234.0,39232.0,3741.0,3741.0,46.54,,401.5,571.0,571.0,13843.2,,,4054885.0,978.07,22237.0,724889.0,
广西,2015,15030.2,16803.12,108.5,45.93,747093.0,747093.0,72940.0,72940.0,47.99,,405.4,646.42,646.4,16227.78,,,,1031.65,30815.0,738375.0,
广西,2016,16417.2,18317.64,108.1,45.17,40677.0,40677.0,3942.77,3943.0,49.24,,401.4,703.39,703.4,18236.78,,3152.44,,1036.22,43078.0,689160.0,
广西,2017,18071.7,18523.26,107.3,40.22,40385.0,40385.0,3935.72,3936.0,50.59,,398.0,787.36,787.4,20499.11,,3912.41,,1057.69,37976.0,700770.0,
广西,2018,19951.7,20352.51,107.1,39.67,40353.0,40353.0,4045.75,4046.0,51.82,,386.8,921.92,921.9,,9.7,4104.35,,1122.09,20302.0,,
广西,2019,21341.5,21237.14,106.8,33.3,38653.0,38653.0,3929.86,3930.0,52.98,,404.1,1029.96,1030.0,,8.9,4695.97,,1146.78,12412.0,,
广西,2020,22250.7,22156.69,106.0,32.1,,,,,54.2,2558.0,410.4,,,,5.1,4869.8,,1113.22,12854.0,,
广西,2021,25311.5,24740.9,103.7,33.09,53347.0,53347.0,6716.0,6716.0,55.08,2544.0,410.3,,,,3.7,5930.6,,1191.09,13693.0,,
广西,2022,26419.7,26300.9,107.5,34.0,51699.0,51699.0,6790.0,6790.0,55.65,2508.0,395.8,,,,-1.8,6464.2,,930.37,13611.0,,
广西,2023,27501.7,27202.4,102.9,32.8,52933.0,52933.0,7310.0,7310.0,56.78,2529.0,390.8,,,,-14.5,6913.9,,1081.99,12471.0,,
广西,2024,28694.1,28649.4,104.15,32.5,51594.0,51594.0,7208.0,7208.0,57.39,2483.0,387.1,,,,-10.2,7554.39,,1088.98,14341.0,,
新疆,2005,,2604.19,110.9,44.7,265815.0,,17223.0,,37.15,764.3,,142.99,,1339.06,,,794048.68,180.32,320.0,403237.0,
新疆,2006,2984.5,3045.26,110.95,48.0,18681.0,18681.0,1242.0,1242.0,37.94,811.75,,152.99,153.0,1567.05,,,1438633.27,219.46,381.0,412214.0,412214.0
新疆,2007,3536.4,3523.16,111.6,46.8,18872.0,18872.0,1285.0,1285.0,39.15,800.84,,157.33,157.3,1850.84,,,1371582.8,220.65,476.0,411099.0,411099.0
新疆,2008,4183.9,4183.21,111.6,49.6,19004.0,19004.0,1366.0,1366.0,39.64,813.7,248.2,160.85,160.9,2259.97,,,2221736.0,286.55,482.0,413844.0,413844.0
新疆,2009,4289.5,4277.05,109.55,45.1,18979.0,18979.0,1264.0,1264.0,39.85,829.17,249.4,166.9,166.9,2725.45,,,1394783.1,301.13,662.0,411628.0,411628.0
新疆,2010,5425.4,5437.47,109.35,47.7,,,,,43.01,852.59,255.0,174.61,174.6,3423.24,,,1713011.0,416.23,914.0,407651.0,407651.0
新疆,2011,6607.6,6610.05,111.3,48.8,18871.0,18871.0,1247.0,1247.0,43.73,,279.4,171.53,171.5,4632.14,,,2281967.2,593.41,1273.0,421372.0,421372.0
新疆,2012,7499.5,7505.31,112.0,46.39,18630.0,18630.0,1266.0,1266.0,44.22,,288.8,211.68,211.7,6158.78,,,2517005.9,698.93,1679.0,454975.0,
新疆,2013,8518.4,8443.84,111.5,45.0,18688.0,18688.0,1190.0,1190.0,44.94,,309.5,227.14,227.1,7732.3,,,2756139.1,826.34,2081.0,446213.0,
新疆,2014,9400.2,9273.46,110.5,42.6,18970.0,18969.0,1303.0,1303.0,46.79,,316.6,249.4,249.4,9447.7,,,2767232.0,887.79,2360.0,469005.0,
新疆,2015,9545.7,9324.8,110.0,38.57,367631.0,367631.0,26207.0,26207.0,48.78,,317.2,294.28,294.3,10813.03,,,,861.73,3024.0,478111.0,
新疆,2016,9913.9,9649.7,108.8,37.79,20165.0,20165.0,1458.43,1458.0,50.42,,320.5,334.66,334.7,10287.53,,1166.67,,869.18,3598.0,488913.0,
新疆,2017,11460.8,10881.96,107.6,39.8,20210.0,20210.0,1472.2,1472.0,51.9,,335.0,626.02,626.0,12089.12,,1392.3,,944.38,3207.0,493440.0,
新疆,2018,13110.1,12199.08,107.6,40.3,20375.0,20375.0,1458.48,1458.0,54.01,,305.2,408.68,408.7,,-20.7,1325.49,,1051.8,3665.0,,
新疆,2019,14024.9,13597.11,106.1,35.3,19660.0,19660.0,1586.05,1586.0,55.51,,318.8,479.45,479.5,,8.0,1640.81,,1016.09,3544.0,,
新疆,2020,14262.2,13797.58,106.2,34.4,,,,,56.53,1356.0,323.0,,,,20.6,1483.4,,910.19,3776.0,,
新疆,2021,16791.5,15983.6,103.4,37.33,27427.0,27427.0,2217.0,2217.0,57.26,1360.0,324.2,,,,11.3,1569.1,,1093.24,4395.0,,
新疆,2022,18550.5,17741.3,107.0,41.0,26497.0,26497.0,2223.0,2223.0,57.89,1273.0,317.1,,,,10.3,2457.5,,1222.32,4951.0,,
新疆,2023,19603.3,19125.9,103.2,40.3,27356.0,27356.0,2376.0,2376.0,59.24,1388.0,313.4,,,,15.1,3573.6,,1369.08,5484.0,,
新疆,2024,20492.4,20534.1,106.44999999999999,39.6,26995.0,26995.0,2393.0,2393.0,60.36,1391.0,318.0,,,,8.5,4341.59,,1410.49,7312.0,,
江苏,2005,,18598.69,114.5,56.6,989454.0,,107525.0,,50.5,3877.73,,1118.37,,8165.38,,,22792276.24,1322.68,6582.0,994976.0,
江苏,2006,21525.1,21742.05,114.7,56.6,69474.0,69474.0,7683.0,7683.0,51.9,4564.76,,1219.22,1219.2,10069.22,,,41476941.53,1656.68,10214.0,997427.0,997427.0
江苏,2007,26373.8,26018.48,114.9,55.6,69503.0,69503.0,7751.0,7751.0,53.2,4193.17,,1373.58,1373.6,12268.06,,,34947178.6,1894.77,16578.0,998178.0,998178.0
江苏,2008,31445.7,30981.98,113.6,55.0,69168.0,69168.0,8118.0,8118.0,54.3,4384.07,707.6,1631.85,1631.9,15300.55,,,39227193.0,2278.71,22601.0,1050990.0,1050990.0
江苏,2009,35074.6,34457.3,112.35,53.9,68371.0,68371.0,8225.0,8225.0,55.6,4536.13,721.3,1776.52,1776.5,18949.87,,,33873970.3,2654.75,31779.0,1038973.0,1038973.0
江苏,2010,42175.2,41425.48,112.55000000000001,52.5,,,,,60.58,4731.73,763.8,2004.36,2004.4,23184.28,,,46579895.9,3312.61,50298.0,998877.0,998877.0
江苏,2011,49689.5,49110.27,111.85,51.3,67485.0,67485.0,7300.0,7300.0,62.01,,811.3,2125.15,2125.1,26692.62,,,53958089.4,4124.62,84678.0,1042342.0,1042342.0
江苏,2012,54658.4,54058.22,110.55,50.17,66083.0,66083.0,7597.0,7597.0,63.01,,830.9,2232.88,2232.9,30854.24,,,54796148.9,4782.59,110091.0,1042208.0,
江苏,2013,60505.2,59753.37,109.85,49.2,65526.0,65526.0,8030.0,8030.0,64.39,,1503.3,2543.03,2543.0,36373.32,,,55080227.0,5419.49,141259.0,1036985.0,
江苏,2014,66228.3,65088.32,109.15,47.4,65692.0,65692.0,7925.0,7925.0,65.7,,1602.4,2615.4,2615.4,41938.6,,,56355308.0,6006.05,146660.0,1050904.0,
江苏,2015,71876.0,70116.38,108.7,45.7,1238192.0,1238192.0,157135.0,157135.0,67.49,,1552.1,2791.07,2791.1,46246.87,,,,6610.12,154608.0,1056940.0,
江苏,2016,78261.2,77388.28,108.53,44.73,66998.0,66998.0,9048.2,9048.0,68.93,,1497.3,3114.14,3114.1,49663.21,,33614.32,,6531.83,184632.0,1059530.0,
江苏,2017,86512.9,85869.76,107.8,45.02,66100.0,66100.0,9209.52,9210.0,70.18,,1484.6,3394.07,3394.1,53277.03,,39997.45,,6484.33,187005.0,1069078.0,
江苏,2018,93456.3,92595.4,107.15,44.5,65996.0,65996.0,9435.01,9435.0,71.19,,1472.6,3604.21,3604.2,,-0.2,43793.49,,7263.65,198801.0,,
江苏,2019,99836.9,99631.52,106.7,44.4,62652.0,62652.0,9446.62,9447.0,72.47,,1332.3,3526.0,3526.0,,6.9,43383.07,,7339.59,172409.0,,
江苏,2020,104566.6,102718.98,106.1,43.1,,,,,73.44,4893.0,1342.5,,,,22.7,44503.6,,7413.86,177995.0,,
江苏,2021,119853.2,116364.2,103.7,44.49,90085.0,90085.0,15354.0,15354.0,73.94,4863.0,1314.0,,,,6.2,52130.6,,8171.3,188241.0,,
江苏,2022,124564.2,122875.6,108.6,45.5,87223.0,87223.0,15586.0,15586.0,74.42,4805.0,1283.0,,,,-5.7,54218.2,,6803.22,194983.0,,
江苏,2023,130924.3,128222.2,102.8,44.4,89776.0,89776.0,16569.0,16569.0,75.04,4840.0,1311.4,,,,-0.2,52495.4,,7976.99,191877.0,,
江苏,2024,136696.9,137008.0,105.8,43.2,87756.0,87756.0,16478.0,16478.0,75.53,4793.0,1246.3,,,,-4.0,56131.51,,7642.03,229685.0,,
江西,2005,,4056.76,112.8,47.3,570672.0,,48143.0,,37.0,2107.48,,301.97,,2176.6,,,406460.61,252.92,713.0,605243.0,
江西,2006,4752.4,4820.53,112.55,49.7,40069.0,40069.0,3403.0,3403.0,38.68,2321.1,,342.01,342.0,2683.57,,,2429723.375,305.52,823.0,613347.0,613347.0
江西,2007,5847.3,5800.25,112.65,51.7,39945.0,39945.0,3574.0,3574.0,39.8,2195.65,,360.55,360.5,3301.94,,,944854.1,281.86,1012.0,618036.0,618036.0
江西,2008,7028.7,6971.05,112.8,52.7,39623.0,39623.0,3322.0,3322.0,41.36,2223.29,289.2,400.31,400.3,4745.43,,,1361793.1,357.96,1016.0,627532.0,627532.0
江西,2009,7733.0,7655.18,112.85,51.2,39186.0,39186.0,3165.0,3165.0,43.18,2244.15,289.6,445.72,445.7,6643.14,,,1277878.2,430.02,1502.0,634501.0,634501.0
江西,2010,9503.4,9451.26,113.55,54.2,,,,,44.06,2306.09,297.4,535.14,535.1,8772.27,,,2161917.7,585.11,1968.0,625484.0,625484.0
江西,2011,11717.4,11702.82,113.25,54.6,38348.0,38348.0,2923.0,2923.0,45.75,,344.4,631.54,631.5,9087.6,,,3146880.9,777.09,2796.0,641455.0,641455.0
江西,2012,12952.8,12948.88,111.75,53.62,37580.0,37580.0,3040.0,3040.0,47.39,,385.8,659.86,659.9,10774.16,,,3341382.9,978.08,3023.0,644243.0,
江西,2013,14473.4,14410.19,110.55,53.5,37321.0,37321.0,3360.0,3360.0,49.04,,445.0,672.5,672.5,12850.25,,,3674663.4,1178.74,3931.0,657017.0,
江西,2014,15858.6,15714.63,109.9,52.5,37484.0,37486.0,3464.0,3464.0,50.55,,465.3,776.5,776.5,15079.3,,,4273082.0,1381.13,4688.0,657593.0,
江西,2015,17031.1,16723.78,109.7,50.3,710552.0,710552.0,64388.0,64388.0,52.3,,480.5,864.8,864.8,17388.13,,,,1517.03,5722.0,668223.0,
江西,2016,18761.2,18499.0,109.1,47.73,38576.0,38576.0,3701.76,3702.0,53.99,,471.5,898.61,898.6,19694.21,,2638.45,,1471.1,8202.0,658840.0,
江西,2017,20497.6,20006.31,109.0,48.12,38163.0,38163.0,3723.03,3723.0,55.7,,463.5,930.83,930.8,22085.34,,3011.12,,1515.01,11507.0,674130.0,
江西,2018,23016.9,21984.78,108.8,46.62,38080.0,38080.0,3706.97,3707.0,57.34,,435.7,1010.26,1010.3,,7.6,3161.74,,1663.15,14519.0,,
江西,2019,24724.0,24757.5,108.7,44.2,36318.0,36318.0,3686.46,3686.0,59.07,,451.7,1096.96,1097.0,,-0.4,3509.97,,1747.63,14101.0,,
江西,2020,25825.4,25691.5,108.0,43.1,,,,,60.44,2264.0,451.5,,,,15.9,4024.6,,1701.92,20285.0,,
江西,2021,29838.2,29619.7,103.8,44.51,47847.0,47847.0,5936.0,5936.0,61.46,2242.0,448.0,,,,6.7,4980.4,,1929.33,19171.0,,
江西,2022,31568.1,32074.7,108.8,44.8,46380.0,46380.0,6044.0,6044.0,62.07,2193.0,436.9,,,,11.0,6624.8,,1788.91,20625.0,,
江西,2023,32677.1,32200.1,104.7,42.6,47541.0,47541.0,6411.0,6411.0,63.13,2231.0,419.4,,,,-10.8,5686.3,,2021.8,20186.0,,
江西,2024,34227.9,34202.5,104.6,40.0,46339.0,46339.0,6435.0,6435.0,63.77,2198.0,410.8,,,,-0.8,4696.4,,1956.96,21702.0,,
河北,2005,,10012.11,113.4,51.8,906856.0,,74117.0,,37.69,3467.27,,511.67,,4139.69,,,1607035.33,515.7,1273.0,994818.0,
河北,2006,10178.1,11467.6,113.4,52.4,63675.0,63675.0,5405.0,5405.0,38.77,3609.99,,532.21,532.2,5470.24,,,3502231.2649999997,620.53,1597.0,1004491.0,1004491.0
河北,2007,12317.6,13607.32,113.1,52.8,63501.0,63501.0,5626.0,5626.0,40.25,3567.18,,535.34,535.3,6884.68,,,2552341.0,618.3,2094.0,1004636.0,1004636.0
河北,2008,14403.8,16011.97,111.44999999999999,54.2,62981.0,62981.0,5504.0,5504.0,41.9,3651.66,501.0,557.91,557.9,8866.56,,,3842053.3,748.89,2380.0,1026897.0,1026897.0
河北,2009,15540.3,17235.48,110.05,52.0,62243.0,62243.0,5512.0,5512.0,43.74,3899.73,503.1,754.95,754.9,12269.8,,,2962725.2,839.33,2811.0,1039693.0,1039693.0
河北,2010,18254.1,20394.26,111.1,52.5,,,,,44.5,3790.19,519.6,542.49,542.5,15083.35,,,4206037.0,1074.04,3270.0,1015463.0,1015463.0
河北,2011,21711.7,24515.76,111.75,53.5,61861.0,61861.0,5053.0,5053.0,45.59,,555.4,626.17,626.2,16389.33,,,5360083.5,1348.51,4651.0,1031070.0,1031070.0
河北,2012,23437.3,26575.01,110.44999999999999,52.69,60806.0,60806.0,5529.0,5529.0,46.6,,619.9,641.27,641.3,19661.28,,,5056305.5,1560.59,6108.0,993313.0,
河北,2013,24659.1,28442.95,108.9,52.2,60517.0,60517.0,5547.0,5547.0,48.02,,653.4,595.83,595.8,23194.23,,,5491157.1,1724.87,7329.0,1052812.0,
河北,2014,25644.1,29421.15,107.35,51.0,60936.0,60936.0,5682.0,5682.0,49.36,,656.2,672.9,672.9,26671.9,,,5987736.0,1866.06,8332.0,1047835.0,
河北,2015,26744.1,29806.11,106.5,48.27,1155542.0,1155542.0,117567.0,117567.0,51.67,,643.6,805.23,805.2,29448.27,,,,1934.29,11259.0,1033175.0,
河北,2016,28879.7,32070.45,106.8,47.57,62750.0,62750.0,6844.89,6845.0,53.87,,639.6,981.72,981.7,31750.02,,3078.23,,1996.12,14141.0,1042090.0,
河北,2017,31065.5,34016.32,106.8,46.58,62086.0,62086.0,7326.46,7326.0,55.74,,535.3,1120.1,1120.1,33406.8,,3378.81,,2199.35,13982.0,1059455.0,
河北,2018,32947.0,36010.27,106.6,44.54,61907.0,61907.0,7854.22,7854.0,57.33,,550.3,1261.34,1261.3,,3.8,3553.16,,2555.82,18954.0,,
河北,2019,35623.5,35104.52,106.6,38.7,59087.0,59087.0,7766.66,7767.0,58.77,,576.0,1413.99,1414.0,,5.7,4002.08,,2630.73,20536.0,,
河北,2020,36821.5,36206.89,106.8,37.6,,,,,60.07,3671.0,561.2,,,,-1.1,4456.8,,2527.28,22131.0,,
河北,2021,41205.4,40391.3,103.9,40.51,78885.0,78885.0,11769.0,11769.0,61.14,3643.0,566.0,,,,-2.4,5415.6,,2735.73,23923.0,,
河北,2022,43198.3,42370.4,106.5,40.2,76002.0,76002.0,11885.0,11885.0,61.65,3580.0,561.1,,,,4.1,5500.7,,2242.89,24182.0,,
河北,2023,45660.0,43944.1,103.8,37.4,77846.0,77846.0,12640.0,12640.0,62.77,3623.0,554.7,,,,-2.9,5828.4,,2578.11,28929.0,,
河北,2024,47448.1,47526.9,105.45,36.8,75943.0,75943.0,12498.0,12498.0,63.42,3614.0,567.9,,,,9.9,6148.75,,2551.16,29885.0,,
河南,2005,,10587.42,114.2,52.1,1241616.0,,102292.0,,30.65,5662.41,,412.8,,4311.63,,,772491.83,537.65,1703.0,1209542.0,
河南,2006,11974.6,12362.79,114.30000000000001,53.8,87180.0,87180.0,7027.0,7027.0,32.47,5718.7,,456.06,456.1,5904.71,,,4178756.41,679.17,2404.0,1252962.0,1252962.0
河南,2007,14773.2,15012.46,114.5,55.2,86460.0,86460.0,6546.0,6546.0,34.34,5772.72,,476.58,476.6,8010.11,,,1278512.7,625.02,2875.0,1263425.0,1263425.0
河南,2008,17541.9,18018.53,113.35,56.9,84906.0,84906.0,6643.0,6643.0,36.03,5835.45,714.4,510.6,510.6,10490.64,,,1747933.7,742.27,4954.0,1265222.0,1265222.0
河南,2009,19077.1,19480.46,111.5,56.5,83974.0,83974.0,7460.0,7460.0,37.7,5948.78,734.7,615.87,615.9,13704.5,,,1347641.5,821.5,4952.0,1273668.0,1273668.0
河南,2010,22568.2,23092.36,111.7,57.3,,,,,38.5,6041.56,751.7,700.38,700.4,16585.86,,,1783151.4,1016.55,6408.0,1024314.0,1024314.0
河南,2011,26212.2,26931.03,112.2,57.3,80208.0,80208.0,7057.0,7057.0,40.47,,839.1,802.84,802.8,17768.95,,,3262257.8,1263.1,8833.0,1187042.0,1187042.0
河南,2012,28878.5,29599.31,111.0,56.33,78483.0,78483.0,6923.0,6923.0,41.99,,881.2,865.51,865.5,21450.0,,,5173880.6,1469.57,10910.0,1206437.0,
河南,2013,31621.4,32191.3,109.55,55.4,77688.0,77688.0,6935.0,6935.0,43.6,,1076.0,729.9,729.9,26087.46,,,5995686.8,1764.71,15580.0,1249538.0,
河南,2014,34611.2,34938.24,108.95,51.0,77872.0,77873.0,6821.0,6821.0,45.05,,1108.9,894.2,894.2,30782.2,,,6497221.0,1951.46,19646.0,1257532.0,
河南,2015,36798.2,37002.16,108.9,48.42,1476154.0,1476154.0,145415.0,145415.0,47.02,,1125.9,995.06,995.1,35660.35,,,,2101.17,21338.0,1273658.0,
河南,2016,40167.7,40471.79,108.3,47.63,80140.0,80140.0,8074.77,8075.0,48.78,,1145.0,1174.8,1174.8,40415.09,,4713.85,,2158.44,28582.0,1280851.0,
河南,2017,44586.5,44552.83,108.14,47.37,79005.0,79005.0,8566.95,8567.0,50.56,,1129.3,1421.34,1421.3,44496.93,,5233.91,,2329.31,35625.0,1296951.0,
河南,2018,50273.5,48055.86,107.8,45.85,78679.0,78679.0,8697.98,8698.0,52.24,,967.3,1639.04,1639.0,,12.7,5511.69,,2656.65,46868.0,,
河南,2019,53739.3,54259.2,107.6,43.5,75087.0,75087.0,8711.25,8711.0,54.01,,968.0,1882.71,1882.7,,8.7,5715.46,,2841.34,30260.0,,
河南,2020,54160.6,54997.07,107.0,41.6,,,,,55.43,4884.0,964.9,,,,6.5,6678.8,,2764.73,32609.0,,
河南,2021,57806.9,58887.4,101.3,41.32,104679.0,104679.0,14644.0,14644.0,56.45,4840.0,915.4,,,,5.4,8208.1,,2842.56,34950.0,,
河南,2022,58807.4,61345.1,106.3,41.5,101113.0,101113.0,14712.0,14712.0,57.07,4782.0,873.9,,,,5.1,8470.8,,2590.47,33183.0,,
河南,2023,60627.7,59132.4,103.1,37.5,103349.0,103349.0,15389.0,15389.0,58.08,4828.0,786.9,,,,-3.7,8108.4,,2855.48,30637.0,,
河南,2024,63557.1,63590.0,104.6,38.3,100717.0,100717.0,15144.0,15144.0,59.22,4800.0,796.9,,,,1.1,8202.95,,2736.28,32064.0,,
浙江,2005,,13417.68,112.8,53.4,648340.0,,68581.0,,56.02,3202.88,,854.9,,6520.07,,,10738965.57,1066.6,6776.0,667340.0,
浙江,2006,15516.4,15718.47,113.35,54.0,45523.0,45523.0,4569.0,4569.0,56.5,3172.38,,961.11,961.1,7590.22,,,24296271.675,1298.2,8333.0,681522.0,681522.0
浙江,2007,18914.7,18753.73,114.30000000000001,54.0,45844.0,45844.0,4874.0,4874.0,57.2,3615.38,,1150.39,1150.4,8420.43,,,17684736.8,1535.35,9532.0,688800.0,688800.0
浙江,2008,21607.9,21462.69,112.4,53.9,45900.0,45900.0,4889.0,4889.0,57.6,3691.85,741.2,1154.1,1154.1,9323.0,,,21113373.0,1792.09,12063.0,719551.0,719551.0
浙江,2009,23227.5,22990.35,109.5,51.8,45472.0,45472.0,5035.0,5035.0,57.9,3825.18,813.9,1227.98,1228.0,10742.32,,,18773086.3,1983.81,15646.0,733099.0,733099.0
浙江,2010,27902.2,27722.31,110.4,51.6,,,,,61.62,3989.18,883.6,1339.07,1339.1,12376.04,,,25353465.6,2464.96,18027.0,722367.0,722367.0
浙江,2011,32353.1,32318.85,110.45,51.2,46674.0,46674.0,3999.0,3999.0,62.29,,995.7,1479.51,1479.5,14185.28,,,30937776.5,2952.01,24745.0,761857.0,761857.0
浙江,2012,34978.5,34665.33,108.5,49.95,45700.0,45700.0,3998.0,3998.0,62.91,,1070.1,1546.22,1546.2,17649.36,,,31240135.8,3227.77,33265.0,786880.0,
浙江,2013,38023.3,37756.58,108.1,49.1,45376.0,45376.0,4174.0,4174.0,63.94,,1071.6,1760.64,1760.6,20782.11,,,33578870.5,3545.66,42744.0,814099.0,
浙江,2014,40744.1,40173.03,107.9,47.7,45457.0,45456.0,4374.0,4374.0,64.96,,1102.7,1970.8,1970.8,24262.8,,,35503977.0,3853.96,52406.0,839662.0,
浙江,2015,44222.0,42886.49,107.6,45.96,859773.0,859773.0,96855.0,96855.0,66.32,,1083.4,2417.6,2417.6,27323.32,,,,4168.22,67674.0,858518.0,
浙江,2016,48095.8,47251.36,107.96,44.86,46831.0,46831.0,5448.59,5449.0,67.72,,1060.9,2565.71,2565.7,30276.07,,22207.25,,4540.09,93254.0,877759.0,
浙江,2017,53135.2,51768.26,107.55,42.95,46573.0,46573.0,5812.47,5812.0,68.91,,1054.5,2695.81,2695.8,31696.03,,25605.05,,4940.74,98975.0,905545.0,
浙江,2018,59311.7,56197.15,107.76,41.83,47034.0,47034.0,6107.54,6108.0,70.02,,1013.5,2643.1,2643.1,,1.7,28511.56,,5586.63,143081.0,,
浙江,2019,64632.0,62351.74,107.1,42.6,45420.0,45420.0,6373.75,6374.0,71.58,,987.3,2778.85,2778.8,,7.4,30838.17,,5898.75,112981.0,,
浙江,2020,67164.5,64613.34,106.8,40.9,,,,,72.17,3857.0,1025.8,,,,20.7,33848.5,,6261.75,129708.0,,
浙江,2021,76765.3,73515.8,103.6,42.42,69273.0,69273.0,9815.0,9815.0,72.66,3897.0,1034.6,,,,7.7,41429.1,,7171.97,129821.0,,
浙江,2022,80770.0,77715.4,108.5,42.7,67369.0,67369.0,10046.0,10046.0,73.38,3885.0,1041.4,,,,-4.8,46827.9,,6620.33,122807.0,,
浙江,2023,85619.6,82553.2,103.1,41.1,69780.0,69780.0,10756.0,10756.0,74.23,3921.0,1064.8,,,,-6.1,48997.6,,7124.55,117996.0,,
浙江,2024,90007.0,90130.6,105.75,38.6,68651.0,68651.0,10789.0,10789.0,75.46,3924.0,1112.1,,,,-5.9,52626.21,,6995.67,132051.0,,
海南,2005,,897.99,110.2,24.6,109601.0,,9360.0,,45.2,377.72,,58.17,,367.17,,,254233.79,68.68,176.0,117455.0,
海南,2006,1040.3,1044.91,111.35,27.4,7696.0,7696.0,666.0,666.0,46.1,382.4,,63.83,63.8,423.89,,,840658.655,81.81,246.0,122935.0,122935.0
海南,2007,1252.8,1254.17,113.65,29.8,7696.0,7696.0,682.0,682.0,47.2,414.81,,81.6,81.6,502.37,,,351441.1,87.99,278.0,124419.0,124419.0
海南,2008,1502.0,1503.06,112.3,29.8,7665.0,7665.0,686.0,686.0,48.0,412.09,76.8,69.13,69.1,705.42,,,452851.7,120.54,331.0,130622.0,130622.0
海南,2009,1652.2,1654.21,110.75,26.8,7606.0,7606.0,667.0,667.0,49.13,431.45,79.3,80.47,80.5,988.32,,,488163.3,151.24,456.0,126203.0,126203.0
海南,2010,2073.7,2064.5,113.85,27.7,,,,,49.8,445.72,81.3,91.44,91.4,1317.04,,,864857.7,237.1,572.0,127236.0,127236.0
海南,2011,2525.1,2522.66,114.0,28.3,7496.0,7496.0,516.0,516.0,50.34,,85.1,103.92,103.9,1657.23,,,1275603.6,295.69,732.0,128446.0,128446.0
海南,2012,2863.6,2855.54,110.55,28.17,7397.0,7397.0,538.0,538.0,51.02,,90.1,116.77,116.8,2145.38,,,1432209.6,350.8,865.0,126819.0,
海南,2013,3201.9,3177.56,109.5,27.7,7389.0,7389.0,602.0,602.0,52.28,,98.8,152.47,152.5,2697.93,,,1498543.4,411.63,921.0,134652.0,
海南,2014,3541.2,3500.72,109.2,25.0,7456.0,7456.0,571.0,571.0,53.3,,101.5,155.3,155.3,3112.2,,,1586266.0,480.55,969.0,136839.0,
海南,2015,3782.7,3702.76,108.5,23.65,141596.0,141596.0,11954.0,11954.0,54.91,,100.4,175.63,175.6,3451.22,,,,514.31,1211.0,138260.0,
海南,2016,4151.0,4053.2,107.8,22.35,7698.0,7698.0,634.9,635.0,56.7,,101.2,177.85,177.9,3890.45,,749.43,,504.96,1278.0,128944.0,
海南,2017,4552.9,4462.54,107.5,22.33,7640.0,7640.0,625.87,626.0,58.04,,100.9,191.56,191.6,4244.4,,702.76,,543.56,1627.0,134306.0,
海南,2018,5004.2,4832.05,107.0,22.68,7658.0,7658.0,628.53,629.0,59.13,,99.6,219.86,219.9,,-24.3,848.17,,628.68,2127.0,,
海南,2019,5442.1,5308.93,105.8,20.7,7350.0,7350.0,684.75,685.0,59.37,,102.2,241.98,242.0,,-17.9,905.84,,653.25,2183.0,,
海南,2020,5640.8,5532.39,105.8,19.1,,,,,60.27,541.0,108.5,,,,20.1,936.3,,559.82,2618.0,,
海南,2021,6508.9,6475.2,103.5,19.13,10800.0,10800.0,1168.0,1168.0,60.97,544.0,113.7,,,,10.7,1476.8,,742.93,4497.0,,
海南,2022,6912.8,6818.2,111.2,19.2,10515.0,10515.0,1187.0,1187.0,61.49,531.0,109.2,,,,-17.0,2005.1,,609.33,4402.0,,
海南,2023,7590.2,7551.2,100.2,19.2,10982.0,10982.0,1284.0,1284.0,62.46,552.0,102.1,,,,7.4,2313.9,,667.37,4681.0,,
海南,2024,7972.7,7935.7,106.45,18.9,10785.0,10785.0,1278.0,1278.0,63.08,551.0,105.8,,,,0.8,2778.86,,660.59,5873.0,,
湖北,2005,,6590.19,112.05,43.1,755824.0,,69314.0,,43.2,2676.26,,351.44,,2676.58,,,905475.17,375.52,2038.0,827515.0,
湖北,2006,7636.7,7617.47,112.645,44.4,53070.0,53070.0,5197.0,5197.0,43.8,3584.0,,373.86,373.9,3343.47,,,2865738.695,476.08,2827.0,817456.0,817456.0
湖北,2007,9601.8,9333.4,113.87,43.0,52408.0,52408.0,5179.0,5179.0,44.3,2763.02,,413.55,413.6,4330.36,,,1486895.4,433.98,3705.0,804191.0,804191.0
湖北,2008,11707.8,11328.92,113.95,43.8,51697.0,51697.0,5237.0,5237.0,45.2,2875.59,470.3,483.66,483.7,5647.01,,,2070567.0,537.21,4616.0,804196.0,804196.0
湖北,2009,13422.6,12961.1,113.45,46.6,50862.0,50862.0,5175.0,5175.0,46.0,3024.48,487.1,577.48,577.5,7866.89,,,1725101.5,616.06,6065.0,794661.0,794661.0
湖北,2010,16489.1,15967.61,114.15,48.6,,,,,49.7,3116.52,510.3,632.15,632.1,10262.7,,,2593211.0,777.96,7411.0,765798.0,765798.0
湖北,2011,20228.3,19632.26,114.3,50.0,49190.0,49190.0,4974.0,4974.0,51.78,,586.1,779.06,779.1,12557.34,,,3358693.4,1067.11,10327.0,760818.0,760818.0
湖北,2012,22921.0,22250.45,112.55,50.31,48219.0,48219.0,5189.0,5189.0,53.23,,598.0,911.54,911.5,15578.29,,,3196375.1,1324.44,14640.0,746888.0,
湖北,2013,25851.7,24791.83,110.69999999999999,49.3,47860.0,47860.0,4741.0,4741.0,54.51,,696.5,1156.07,1156.1,19307.33,,,3638007.6,1604.85,18189.0,752417.0,
湖北,2014,28805.9,27379.22,109.9,46.9,47998.0,47997.0,4922.0,4922.0,55.73,,706.8,1444.2,1444.2,22915.3,,,4303962.0,1873.11,22536.0,737649.0,
湖北,2015,30661.6,29550.19,109.7,45.7,909271.0,909271.0,102146.0,102146.0,57.18,,712.3,1529.66,1529.7,26563.9,,,,2086.5,30204.0,734117.0,
湖北,2016,33767.6,32665.38,108.85,44.86,49384.0,49384.0,5716.39,5716.0,58.57,,719.3,1565.2,1565.2,30011.65,,2599.57,,2122.93,43789.0,730993.0,
湖北,2017,37624.2,35478.09,108.1,43.52,48684.0,48684.0,5955.07,5955.0,59.88,,695.0,1693.22,1693.2,32282.36,,3136.31,,2247.82,51569.0,725134.0,
湖北,2018,42425.5,39366.55,107.8,43.41,48498.0,48498.0,6058.55,6059.0,61.0,,653.3,1837.74,1837.7,,10.4,3485.84,,2463.52,50664.0,,
湖北,2019,45557.0,45828.31,107.8,41.7,46101.0,46101.0,6025.69,6026.0,61.83,,653.8,1910.92,1910.9,,7.1,3945.89,,2530.82,47450.0,,
湖北,2020,43017.6,43443.46,107.5,39.2,,,,,62.89,3261.0,631.2,,,,-16.6,4305.2,,1923.45,47767.0,,
湖北,2021,50093.3,50012.9,95.0,37.9,61748.0,61748.0,9524.0,9524.0,64.09,3286.0,643.6,,,,-0.6,5374.4,,2559.68,51690.0,,
湖北,2022,53445.4,53734.9,112.9,39.5,59860.0,59860.0,9753.0,9753.0,64.67,3243.0,639.8,,,,11.2,6128.3,,2411.64,55207.0,,
湖北,2023,56794.3,55803.6,104.3,36.2,61472.0,61472.0,10418.0,10418.0,65.47,3254.0,626.0,,,,0.5,6441.9,,2673.15,59068.0,,
湖北,2024,59644.3,60013.0,105.9,35.9,60048.0,60048.0,10385.0,10385.0,66.35,3211.0,610.7,,,,7.6,7054.76,,2653.08,65626.0,,
湖南,2005,,6596.1,111.6,39.9,837363.0,,84797.0,,37.0,3658.3,,397.07,,2629.07,,,600018.91,395.27,2594.0,917466.0,
湖南,2006,7529.2,7688.67,111.9,41.6,58795.0,58795.0,6206.0,6206.0,38.71,3842.17,,413.13,413.1,3175.52,,,1832702.86,477.93,3578.0,908213.0,908213.0
湖南,2007,9409.9,9439.6,113.35,42.6,58382.0,58382.0,6031.0,6031.0,40.45,3749.35,,420.69,420.7,4154.76,,,968585.3,410.66,3670.0,905426.0,905426.0
湖南,2008,11466.6,11555.0,113.65,44.2,57648.0,57648.0,6059.0,6059.0,42.15,3810.98,454.7,438.99,439.0,5534.04,,,1254719.4,486.31,5335.0,897021.0,897021.0
湖南,2009,12965.9,13059.69,113.25,43.5,56820.0,56820.0,6351.0,6351.0,43.2,3907.7,481.0,469.76,469.8,7703.38,,,1014946.6,568.27,4416.0,893594.0,893594.0
湖南,2010,15814.9,16037.96,114.15,45.8,,,,,43.3,4007.75,505.7,562.34,562.3,9663.58,,,1465639.0,730.84,6438.0,847965.0,847965.0
湖南,2011,19176.4,19669.56,113.69999999999999,47.6,56351.0,56351.0,5906.0,5906.0,44.97,,551.4,685.76,685.8,11880.92,,,1894376.3,915.4,8774.0,890040.0,890040.0
湖南,2012,21513.7,22154.23,112.05,47.42,55394.0,55394.0,6152.0,6152.0,46.22,,567.5,721.94,721.9,14523.24,,,2194873.2,1110.74,9974.0,864159.0,
湖南,2013,23916.3,24621.67,110.69999999999999,47.0,55219.0,55219.0,5837.0,5837.0,47.63,,601.0,797.0,797.0,17841.4,,,2517530.8,1299.15,11938.0,896808.0,
湖南,2014,26309.1,27037.32,109.8,46.2,55601.0,55600.0,6045.0,6045.0,48.98,,597.9,967.8,967.8,21242.9,,,3083160.0,1438.52,14474.0,877492.0,
湖南,2015,28811.7,28902.21,109.5,44.32,1056139.0,1056139.0,118534.0,118534.0,50.79,,579.1,1063.35,1063.3,25045.08,,,,1527.52,19499.0,885220.0,
湖南,2016,31225.0,31551.37,108.5,42.28,57310.0,57310.0,6814.27,6814.0,52.7,,568.4,734.98,735.0,28353.33,,1740.54,,1551.33,25524.0,870460.0,
湖南,2017,34127.7,33902.96,108.0,41.72,56647.0,56647.0,6894.64,6895.0,54.62,,565.7,799.86,799.9,31959.23,,2433.87,,1759.13,31365.0,877156.0,
湖南,2018,36629.3,36425.78,108.0,39.68,56516.0,56516.0,7056.81,7057.0,56.09,,546.3,958.75,958.8,,-3.8,3075.73,,1959.67,35414.0,,
湖南,2019,39930.7,39752.12,107.8,37.6,53851.0,53851.0,7078.08,7078.0,57.45,,596.7,1049.47,1049.5,,2.7,4339.97,,2061.96,39104.0,,
湖南,2020,41693.7,41781.49,107.6,38.1,,,,,58.76,3280.0,604.9,,,,30.9,4884.9,,2057.98,48530.0,,
湖南,2021,45751.9,46063.1,103.8,39.35,70141.0,70141.0,10849.0,10849.0,59.71,3258.0,606.0,,,,10.4,5988.6,,2245.99,36746.0,,
湖南,2022,47957.9,48670.4,107.7,39.4,67649.0,67649.0,10904.0,10904.0,60.31,3219.0,589.9,,,,11.0,7034.9,,2004.46,35851.0,,
湖南,2023,50667.5,50012.9,104.5,37.6,69159.0,69159.0,11386.0,11386.0,61.16,3238.0,585.3,,,,-3.3,6173.4,,2208.51,35007.0,,
湖南,2024,53084.7,53231.0,104.69999999999999,36.7,67303.0,67303.0,11228.0,11228.0,62.07,3198.0,567.8,,,,-1.8,5633.33,,2143.07,38671.0,,
甘肃,2005,,1933.98,111.84,43.4,343364.0,,24804.0,,30.02,1347.57,,104.13,,870.36,,,263027.42,123.5,712.0,410195.0,
甘肃,2006,2230.0,2276.7,111.67500000000001,45.8,24109.0,24109.0,1782.0,1782.0,31.09,1401.36,,111.01,111.0,1022.59,,,588847.385,141.22,550.0,423000.0,423000.0
甘肃,2007,2707.3,2702.4,111.905,47.3,23990.0,23990.0,1877.0,1877.0,32.25,1374.38,,121.91,121.9,1304.16,,,552367.0,142.05,600.0,433827.0,433827.0
甘肃,2008,3112.5,3166.82,111.22,46.3,23739.0,23739.0,1939.0,1939.0,33.56,1388.68,192.5,136.25,136.3,1712.78,,,609543.3,162.8,952.0,449293.0,449293.0
甘肃,2009,3313.8,3387.56,110.22,45.1,23405.0,23405.0,1952.0,1952.0,34.89,1406.62,193.0,157.5,157.5,2363.0,,,386555.4,176.04,1120.0,459603.0,459603.0
甘肃,2010,3987.7,4120.75,111.05,48.2,,,,,36.12,1431.86,194.3,177.49,177.5,3158.34,,,740295.3,220.29,1412.0,465321.0,465321.0
甘肃,2011,4880.7,5020.37,112.15,47.4,21908.0,21908.0,1951.0,1951.0,37.25,,199.3,205.85,205.9,3965.79,,,872857.9,284.04,2105.0,482569.0,482569.0
甘肃,2012,5469.1,5650.2,112.55,46.02,21507.0,21507.0,1987.0,1987.0,38.78,,211.3,225.95,226.0,5145.03,,,890075.2,347.78,3265.0,493852.0,
甘肃,2013,6108.3,6330.69,111.69999999999999,45.0,21311.0,21311.0,1895.0,1895.0,40.5,,256.6,263.78,263.8,6527.94,,,1023610.7,417.73,3735.0,504239.0,
甘肃,2014,6629.4,6836.82,109.85,42.8,21381.0,21381.0,1910.0,1910.0,42.28,,264.7,318.4,318.4,7884.1,,,864062.0,490.26,4986.0,513196.0,
甘肃,2015,6793.4,6790.32,108.9,36.74,404863.0,404863.0,37912.0,37912.0,44.24,,261.8,370.35,370.3,8754.23,,,,529.79,5504.0,520913.0,
甘肃,2016,7207.1,7200.37,108.08,34.94,21960.0,21960.0,2186.25,2186.0,46.07,,261.0,415.44,415.4,9663.99,,449.73,,526.0,6114.0,523274.0,
甘肃,2017,7642.6,7459.9,107.6,34.34,21720.0,21720.0,2243.14,2243.0,48.12,,259.2,530.77,530.8,5827.75,,326.14,,547.14,5785.0,522842.0,
甘肃,2018,8364.7,8246.07,103.56,33.89,21614.0,21614.0,2445.91,2446.0,49.69,,246.7,475.53,475.5,,-2.0,395.45,,610.47,6035.0,,
甘肃,2019,9053.3,8718.3,106.3,32.8,20642.0,20642.0,2376.77,2377.0,50.7,,253.0,515.79,515.8,,8.7,380.41,,577.92,6056.0,,
甘肃,2020,9323.1,9016.7,106.2,31.6,,,,,52.23,1331.0,262.2,,,,13.2,382.4,,567.93,5684.0,,
甘肃,2021,10608.0,10243.3,103.9,33.84,26368.0,26368.0,3439.0,3439.0,53.33,1319.0,261.3,,,,8.5,490.9,,667.41,6423.0,,
甘肃,2022,11553.6,11201.6,106.9,35.2,25529.0,25529.0,3429.0,3429.0,54.19,1307.0,257.5,,,,14.1,567.9,,582.79,7005.0,,
甘肃,2023,12345.7,11863.8,104.5,34.4,25956.0,25956.0,3542.0,3542.0,55.49,1316.0,234.1,,,,4.9,491.6,,698.65,7052.0,,
甘肃,2024,13020.5,13002.9,106.1,34.1,25300.0,25300.0,3449.0,3449.0,56.83,1297.0,239.4,,,,-2.9,612.62,,682.86,9215.0,,
福建,2005,,6554.69,111.6,48.7,467922.0,,40954.0,,49.4,1868.5,,224.57,,2316.72,,,5441118.74,432.6,1202.0,515774.0,
福建,2006,7586.2,7583.85,113.19999999999999,49.1,32855.0,32855.0,3073.0,3073.0,50.4,1949.58,,256.98,257.0,2981.82,,,11575278.205,541.17,1437.0,513586.0,513586.0
福建,2007,9474.3,9248.53,115.0,49.2,32754.0,32754.0,3301.0,3301.0,51.4,1998.87,,306.64,306.6,4287.75,,,7444738.1,594.02,2170.0,519534.0,519534.0
福建,2008,11104.2,10823.01,114.075,50.0,32484.0,32484.0,3247.0,3247.0,53.0,2079.78,458.7,360.41,360.4,5207.68,,,8482106.8,704.45,2701.0,542928.0,542928.0
福建,2009,12625.1,12236.53,112.625,49.1,32097.0,32097.0,3220.0,3220.0,55.1,2168.85,474.0,443.69,443.7,6231.2,,,7964959.2,778.14,3842.0,543331.0,543331.0
福建,2010,15236.6,14737.12,113.1,51.0,,,,,57.1,2181.32,507.1,484.8,484.8,8199.12,,,10878328.9,966.09,5117.0,535242.0,535242.0
福建,2011,18195.2,17560.18,113.1,51.6,31783.0,31783.0,2438.0,2438.0,58.11,,596.3,583.29,583.3,9910.89,,,14352242.8,1254.31,6896.0,557730.0,557730.0
福建,2012,20510.8,19701.78,111.85,51.71,31273.0,31273.0,2687.0,2687.0,59.32,,637.9,652.72,652.7,12439.94,,,15593795.7,1440.34,8492.0,555487.0,
福建,2013,22851.7,21868.49,111.2,52.0,31148.0,31148.0,2543.0,2543.0,60.8,,644.0,640.3,640.3,15327.44,,,16932090.1,1723.28,9884.0,567818.0,
福建,2014,25329.4,24055.76,110.45,52.0,31411.0,31409.0,2383.0,2383.0,61.99,,654.6,756.7,756.7,18177.9,,,17740784.0,1893.73,12529.0,577316.0,
福建,2015,27307.5,25979.82,109.9,50.29,596224.0,596224.0,53694.0,53694.0,63.22,,663.1,913.42,913.4,21301.38,,,,1938.71,17663.0,591180.0,
福建,2016,30199.2,28810.58,109.0,48.92,32474.0,32474.0,3230.92,3231.0,64.39,,668.8,1149.29,1149.3,23237.35,,10345.42,,1962.72,27041.0,602715.0,
福建,2017,34432.2,32182.09,108.4,47.71,32221.0,32221.0,3069.41,3069.0,65.78,,672.5,1298.48,1298.5,26416.28,,11589.96,,2052.64,26456.0,607864.0,
福建,2018,39204.8,35804.04,108.1,48.13,32309.0,32309.0,3064.98,3065.0,66.98,,705.4,1966.01,1966.0,,4.9,12345.64,,2237.42,37252.0,,
福建,2019,42479.1,42395.0,108.3,48.5,30869.0,30869.0,3086.25,3086.0,67.87,,639.6,1678.36,1678.4,,7.3,13309.29,,2208.98,30019.0,,
福建,2020,43682.0,43903.89,107.6,46.3,,,,,68.75,2206.0,605.9,,,,4.8,14098.1,,2184.72,32929.0,,
福建,2021,49602.6,48810.4,103.3,46.85,44352.0,44352.0,5117.0,5117.0,69.7,2197.0,579.0,,,,6.6,18449.6,,2493.14,31093.0,,
福建,2022,52099.6,53109.9,108.0,47.2,42900.0,42900.0,5231.0,5231.0,70.11,2174.0,559.2,,,,2.8,19821.5,,2092.36,30581.0,,
福建,2023,54801.7,54355.1,104.7,44.1,44046.0,44046.0,5561.0,5561.0,71.04,2192.0,548.6,,,,-5.5,19739.6,,2341.94,33730.0,,
福建,2024,57476.6,57761.0,105.0,42.8,43162.0,43162.0,5591.0,5591.0,71.8,2175.0,530.6,,,,2.9,19896.07,,2329.69,37756.0,,
西藏,2005,,248.8,112.1,25.3,36666.0,,2259.0,,20.85,140.41,,16.57,,181.39,,,20546.84,12.03,12.0,38219.0,
西藏,2006,290.6,290.76,112.69999999999999,27.5,2574.0,2574.0,165.0,165.0,21.13,,,19.36,19.4,231.14,,,62110.78,14.56,21.0,39433.0,39433.0
西藏,2007,349.8,341.43,113.65,28.8,2587.0,2587.0,172.0,172.0,21.5,153.66,,26.07,26.1,270.34,,,39346.4,11.67,23.0,42402.0,42402.0
西藏,2008,405.2,394.85,112.05,29.2,2576.0,2576.0,172.0,172.0,21.9,160.41,20.3,29.49,29.5,309.91,,,76582.9,15.19,39.0,46153.0,46153.0
西藏,2009,453.0,441.36,111.25,31.0,2556.0,2556.0,179.0,179.0,22.3,169.07,21.1,33.62,33.6,378.28,,,40209.8,18.51,71.0,49430.0,49430.0
西藏,2010,521.4,507.46,112.35,32.3,,,,,22.67,175.03,22.2,36.77,36.8,462.67,,,83606.7,25.28,76.0,50124.0,50124.0
西藏,2011,620.8,605.83,112.5,34.5,2591.0,2591.0,125.0,125.0,22.81,,23.3,46.01,46.0,516.31,,,135836.9,45.83,101.0,52873.0,52873.0
西藏,2012,721.1,701.03,112.25,34.64,2567.0,2567.0,139.0,139.0,22.87,,25.2,51.33,51.3,670.52,,,342414.3,70.07,81.0,57000.0,
西藏,2013,840.3,815.67,111.94999999999999,36.3,2575.0,2575.0,133.0,133.0,23.93,,31.0,54.54,54.5,876.0,,,331940.9,71.54,92.0,58598.0,
西藏,2014,954.8,920.83,111.44999999999999,36.6,2621.0,2620.0,144.0,144.0,26.23,,32.5,60.1,60.1,1069.2,,,225495.0,85.86,92.0,61549.0,
西藏,2015,1063.6,1026.39,110.8,36.65,50634.0,50634.0,2890.0,2890.0,28.87,,33.4,71.86,71.9,1295.68,,,,92.0,128.0,66855.0,
西藏,2016,1197.4,1151.41,111.01,37.27,2789.0,2789.0,138.73,139.0,31.57,,31.5,91.26,91.3,1596.05,,51.68,,99.05,176.0,71445.0,
西藏,2017,1381.0,1310.92,110.1,39.18,2797.0,2797.0,161.56,162.0,33.38,,33.3,100.16,100.2,1975.6,,58.66,,122.7,273.0,73642.0,
西藏,2018,1583.5,1477.63,110.04,42.53,2817.0,2817.0,160.37,160.0,33.8,,36.9,106.91,106.9,,-2.8,47.52,,155.93,453.0,,
西藏,2019,1750.3,1697.82,109.1,37.4,2743.0,2743.0,164.99,165.0,34.51,,44.8,94.68,94.7,,-11.4,48.76,,157.52,456.0,,
西藏,2020,1956.5,1902.74,108.1,42.0,,,,,35.73,193.0,41.7,,,,-14.9,21.3,,143.24,477.0,,
西藏,2021,2145.1,2080.2,107.8,36.4,3873.0,3873.0,225.0,225.0,36.61,194.0,44.5,,,,8.6,40.2,,142.17,515.0,,
西藏,2022,2235.4,2132.6,106.7,37.7,3730.0,3730.0,220.0,220.0,37.39,192.0,42.6,,,,-2.0,46.1,,106.14,585.0,,
西藏,2023,2532.9,2392.7,101.1,36.9,3843.0,3843.0,234.0,234.0,38.88,194.0,40.8,,,,-3.8,109.8,,156.51,625.0,,
西藏,2024,2789.1,2764.9,107.9,36.7,3812.0,3812.0,240.0,240.0,39.68,195.0,47.3,,,,35.2,126.72,,176.52,836.0,,
贵州,2005,,2005.42,111.6,41.8,493715.0,,40504.0,,26.87,2215.83,,110.31,,998.25,,,140357.2,182.5,782.0,510248.0,
贵州,2006,2292.3,2338.98,111.6,43.0,34666.0,34666.0,2794.0,2794.0,27.46,2235.0,,121.91,121.9,1197.43,,,691956.55,226.82,923.0,521801.0,521801.0
贵州,2007,2883.0,2884.11,112.65,41.9,34587.0,34587.0,2870.0,2870.0,28.24,2283.05,,133.81,133.8,1488.8,,,227030.0,211.85,874.0,525180.0,525180.0
贵州,2008,3551.3,3561.56,111.95,42.3,34126.0,34126.0,2778.0,2778.0,29.11,2301.63,211.0,145.1,145.1,1864.45,,,336620.8,260.8,873.0,533160.0,533160.0
贵州,2009,3910.7,3912.68,110.80000000000001,37.7,33780.0,33780.0,2794.0,2794.0,29.89,2341.11,218.7,156.77,156.8,2412.02,,,230421.2,311.71,1336.0,535297.0,535297.0
贵州,2010,4583.7,4602.16,112.1,39.1,,,,,33.81,2402.17,224.3,168.54,168.5,3104.92,,,314680.1,395.57,1322.0,518088.0,518088.0
贵州,2011,5690.5,5701.84,113.9,38.5,29636.0,29636.0,2698.0,2698.0,35.03,,241.0,215.86,215.9,4235.92,,,488757.9,518.14,2358.0,533075.0,533075.0
贵州,2012,6828.1,6852.2,114.3,39.08,29071.0,29071.0,2662.0,2662.0,36.3,,269.5,276.4,276.4,5717.8,,,663155.8,681.66,3103.0,543655.0,
贵州,2013,8079.9,8086.86,113.05,40.5,28905.0,28905.0,2682.0,2682.0,37.89,,296.7,346.81,346.8,7373.6,,,829010.1,839.67,3988.0,569757.0,
贵州,2014,9297.5,9266.39,111.65,41.6,28951.0,28950.0,2670.0,2670.0,40.24,,304.7,428.6,428.6,9025.8,,,1077133.0,1026.7,8203.0,586066.0,
贵州,2015,10887.1,10502.56,110.8,39.49,550172.0,550172.0,52149.0,52149.0,42.96,,307.5,514.74,514.7,10945.54,,,,1126.03,7538.0,603334.0,
贵州,2016,12133.9,11776.73,110.7,39.65,29915.0,29915.0,2878.8,2879.0,45.56,,310.5,584.26,584.3,13204.0,,375.64,,1120.44,10953.0,625120.0,
贵州,2017,14067.3,13540.83,110.53,40.09,29612.0,29612.0,2945.71,2946.0,47.76,,315.2,669.41,669.4,15503.86,,551.28,,1179.73,13885.0,644653.0,
贵州,2018,15886.6,14806.45,110.2,38.87,29487.0,29487.0,3344.19,3344.0,49.54,,308.5,727.47,727.5,,5.4,500.92,,1266.02,14992.0,,
贵州,2019,17251.8,16769.34,109.1,36.1,28245.0,28245.0,3270.59,3271.0,51.48,,321.1,825.41,825.4,,-7.0,453.2,,1204.02,10770.0,,
贵州,2020,18308.3,17826.56,108.3,34.8,,,,,53.15,1892.0,335.3,,,,1.1,546.7,,1086.04,10693.0,,
贵州,2021,19921.3,19586.4,104.5,35.66,40798.0,40798.0,4799.0,4799.0,54.33,1886.0,336.7,,,,-3.8,654.2,,1177.15,9869.0,,
贵州,2022,20579.5,20164.6,108.1,35.3,39500.0,39500.0,4789.0,4789.0,54.81,1878.0,327.3,,,,-1.8,729.9,,1021.76,10732.0,,
贵州,2023,21513.7,20913.3,101.2,35.0,40697.0,40697.0,5216.0,5216.0,55.94,1884.0,310.8,,,,-21.4,759.5,,1221.87,11954.0,,
贵州,2024,22645.7,22667.1,105.1,31.3,39732.0,39732.0,5127.0,5127.0,56.65,1869.0,319.3,,,,-5.7,858.61,,1243.3,12230.0,,
辽宁,2005,,8047.26,112.3,49.4,558727.0,,54583.0,,58.7,1978.6,,534.8,,4200.45,,,4101326.51,675.28,3267.0,728761.0,
辽宁,2006,8489.3,9304.52,113.05,51.1,39231.0,39231.0,4155.0,4155.0,58.99,2128.1,,554.82,554.8,5689.64,,,7216868.275,817.67,4368.0,733177.0,733177.0
辽宁,2007,10422.8,11164.3,114.15,53.1,39317.0,39317.0,4181.0,4181.0,59.2,2071.26,,610.07,610.1,7435.23,,,5947434.5,815.67,5516.0,715461.0,715461.0
辽宁,2008,12303.0,13668.58,113.8,55.8,38988.0,38988.0,4419.0,4419.0,60.05,2098.21,510.8,603.92,603.9,10019.07,,,7243384.9,1017.1,6493.0,719044.0,719044.0
辽宁,2009,13003.2,15212.49,113.1,52.0,38429.0,38429.0,4419.0,4419.0,60.35,2189.96,509.5,703.72,703.7,12292.49,,,6293437.8,1183.98,7125.0,607800.0,607800.0
辽宁,2010,14105.8,18457.27,113.65,54.1,,,,,62.1,2238.09,518.1,717.28,717.3,16043.03,,,8071214.8,1516.65,9884.0,636743.0,636743.0
辽宁,2011,16585.3,22226.7,113.2,54.7,37447.0,37447.0,4034.0,4034.0,64.05,,579.6,767.0,767.0,17726.29,,,9603585.1,1974.85,14658.0,672184.0,672184.0
辽宁,2012,18127.6,24846.43,110.85,53.25,36621.0,36621.0,3639.0,3639.0,65.65,,598.7,806.99,807.0,21836.28,,,10408999.7,2317.19,19740.0,676610.0,
辽宁,2013,19534.3,27213.22,109.1,52.7,36231.0,36231.0,3701.0,3701.0,66.45,,689.1,838.41,838.4,25107.66,,,11447818.9,2521.62,25292.0,676668.0,
辽宁,2014,20381.5,28626.58,107.25,50.2,36236.0,36236.0,4407.0,4407.0,67.05,,665.2,927.2,927.2,24730.8,,,11399826.0,2330.57,18417.0,652207.0,
辽宁,2015,20657.8,28669.02,105.8,45.49,680859.0,680859.0,87595.0,87595.0,68.05,,618.4,890.36,890.4,17917.89,,,,1650.45,19332.0,639159.0,
辽宁,2016,20832.0,22246.9,103.0,38.69,36668.0,36668.0,4849.08,4849.0,68.87,,560.4,827.42,827.4,6692.25,,5711.86,,1687.45,25561.0,620499.0,
辽宁,2017,22105.4,23409.24,97.5,39.3,35969.0,35969.0,5062.6,5063.0,69.49,,519.5,914.61,914.6,6676.74,,6748.92,,1812.42,20500.0,657810.0,
辽宁,2018,24113.5,25315.35,104.2,39.6,35744.0,35744.0,5352.83,5353.0,70.26,,501.6,970.01,970.0,,3.2,7557.68,,1976.13,25476.0,,
辽宁,2019,25665.9,24909.45,105.7,38.3,33800.0,33800.0,5382.22,5382.0,71.21,,499.9,1037.82,1037.8,,-2.7,7259.18,,1929.52,22592.0,,
辽宁,2020,25839.0,25114.96,105.5,37.4,,,,,72.14,2231.0,476.8,,,,5.4,6569.2,,1879.06,21830.0,,
辽宁,2021,28471.0,27584.1,100.6,39.43,44797.0,44797.0,8424.0,8424.0,72.81,2190.0,458.0,,,,-5.7,7724.0,,1970.87,23078.0,,
辽宁,2022,29739.7,28975.1,105.8,40.6,42990.0,42990.0,8605.0,8605.0,73.0,2122.0,443.7,,,,-5.0,7900.9,,1664.39,23080.0,,
辽宁,2023,31389.8,30209.4,102.1,38.8,44035.0,44035.0,9273.0,9273.0,73.51,2091.0,424.5,,,,6.1,7667.3,,1871.05,25496.0,,
辽宁,2024,32540.8,32612.7,105.19999999999999,35.3,42763.0,42763.0,9366.0,9366.0,74.18,2074.0,436.5,,,,-0.5,7640.38,,1838.69,27554.0,,
重庆,2005,,3467.72,111.5,41.0,370367.0,,40614.0,,45.2,1720.79,,196.3,,1933.16,,,429284.22,256.81,918.0,366102.0,
重庆,2006,3949.0,3907.23,111.85,43.0,26005.0,26005.0,2977.0,2977.0,46.7,1605.45,,192.74,192.7,2407.36,,,3996826.2,317.72,1204.0,371332.0,371332.0
重庆,2007,4837.5,4676.13,113.9,45.9,25850.0,25850.0,3020.0,3020.0,48.3,1789.52,,234.06,234.1,3127.74,,,743794.4,294.46,1601.0,373697.0,373697.0
重庆,2008,5978.8,5793.66,114.94999999999999,47.7,25545.0,25545.0,3055.0,3055.0,49.99,1837.09,241.7,271.93,271.9,3979.59,,,952139.4,360.29,1997.0,385292.0,385292.0
重庆,2009,6744.1,6530.01,114.6,52.8,25284.0,25284.0,2927.0,2927.0,51.59,1878.48,248.8,313.39,313.4,5214.28,,,771252.1,435.62,3845.0,384339.0,384339.0
重庆,2010,8186.5,7925.58,116.0,55.0,,,,,53.02,1912.13,266.4,327.84,327.8,6688.91,,,1242707.4,621.56,5150.0,382770.0,382770.0
重庆,2011,10314.1,10011.37,116.75,55.4,24939.0,24939.0,3097.0,3097.0,54.98,,337.2,443.8,443.8,7473.38,,,2920763.5,881.07,8839.0,391349.0,391349.0
重庆,2012,11797.8,11409.6,115.0,52.37,24573.0,24573.0,3171.0,3171.0,56.64,,353.2,548.49,548.5,8736.17,,,5320358.2,970.17,11402.0,393984.0,
重庆,2013,13275.8,12783.26,112.94999999999999,50.5,24512.0,24512.0,3247.0,3247.0,58.29,,402.0,646.57,646.6,10435.24,,,6869216.4,1112.62,12562.0,414904.0,
重庆,2014,14911.7,14262.6,111.6,45.8,24687.0,24687.0,3487.0,3487.0,59.74,,414.5,781.0,781.0,12285.4,,,9543158.0,1281.83,19418.0,422280.0,
重庆,2015,16305.9,15717.27,110.9,44.98,468563.0,468563.0,62282.0,62282.0,61.47,,415.6,931.04,931.0,14353.24,,,,1450.93,35086.0,424847.0,
重庆,2016,18271.1,17740.59,111.0,44.52,25560.0,25560.0,3570.05,3570.0,63.33,,412.9,1059.46,1059.5,16048.1,,4139.15,,1438.45,19981.0,428777.0,
重庆,2017,20260.8,19424.73,110.7,44.19,25337.0,25337.0,3617.99,3618.0,65.0,,406.4,1168.62,1168.6,17537.05,,4508.07,,1476.33,19297.0,433258.0,
重庆,2018,21866.8,20363.19,109.3,40.9,25416.0,25416.0,3677.88,3678.0,66.61,,391.2,1281.9,1281.9,,7.1,5221.02,,1603.03,22686.0,,
重庆,2019,23689.6,23605.77,106.0,40.2,24274.0,24274.0,3725.45,3725.0,68.24,,374.4,1375.78,1375.8,,-1.7,5791.76,,1541.22,20103.0,,
重庆,2020,25158.1,25002.79,106.3,40.0,,,,,69.46,1676.0,370.8,,,,2.7,6513.6,,1430.72,22273.0,,
重庆,2021,28092.5,27894.0,103.9,40.1,34019.0,34019.0,6041.0,6041.0,70.32,1668.0,358.1,,,,6.0,8000.6,,1543.4,24068.0,,
重庆,2022,28771.8,29129.0,108.3,40.1,32914.0,32914.0,6024.0,6024.0,70.96,1644.0,345.2,,,,-9.9,8102.8,,1270.94,28907.0,,
重庆,2023,30614.3,30145.8,102.6,38.8,33600.0,33600.0,6353.0,6353.0,71.67,1662.0,337.4,,,,-1.1,7128.5,,1476.09,30517.0,,
重庆,2024,32046.7,32193.2,105.9,36.3,32828.0,32828.0,6194.0,6194.0,72.14,1651.0,331.3,,,,-1.3,7150.78,,1521.52,32663.0,,
陕西,2005,,3933.72,112.6,50.3,492410.0,,42480.0,,37.23,1882.88,,304.09,,1882.18,,,457686.81,275.32,1693.0,602104.0,
陕西,2006,4642.1,4743.61,112.69999999999999,53.9,34574.0,34574.0,3086.0,3086.0,39.12,2011.0,,310.31,310.3,2480.69,,,1792939.625,362.48,1815.0,612716.0,612716.0
陕西,2007,5739.7,5757.29,113.69999999999999,54.2,34383.0,34383.0,3313.0,3313.0,40.62,1922.0,,314.23,314.2,3415.02,,,688733.9,355.5,2412.0,619805.0,619805.0
陕西,2008,7256.8,7314.58,115.1,56.1,33999.0,33999.0,3260.0,3260.0,42.1,1946.56,344.4,316.31,316.3,4614.42,,,832882.6,455.6,3775.0,640119.0,640119.0
陕西,2009,8094.9,8169.8,114.6,51.9,33504.0,33504.0,3315.0,3315.0,43.5,1919.48,352.4,318.52,318.5,6246.9,,,840539.2,532.8,5858.0,647370.0,647370.0
陕西,2010,9973.0,10123.48,114.1,53.8,,,,,45.76,1952.03,364.8,338.23,338.2,7963.67,,,1210168.1,710.57,8138.0,640644.0,640644.0
陕西,2011,12320.1,12512.3,114.25,55.4,31976.0,31976.0,2715.0,2715.0,47.35,,393.7,388.27,388.3,9431.08,,,1464727.0,933.84,13037.0,651633.0,651633.0
陕西,2012,14311.5,14453.68,113.4,55.86,31315.0,31315.0,2905.0,2905.0,49.71,,411.2,420.49,420.5,12044.55,,,1479903.2,1131.55,17043.0,669381.0,
陕西,2013,16106.3,16205.45,111.95,55.5,31063.0,31063.0,3053.0,3053.0,51.57,,505.3,466.76,466.8,14884.15,,,2012806.1,1256.24,26487.0,688590.0,
陕西,2014,17635.6,17689.94,110.35,54.1,31155.0,31155.0,3306.0,3306.0,53.01,,516.5,517.5,517.5,17191.9,,,2736449.0,1335.68,24399.0,686231.0,
陕西,2015,18188.3,18021.86,109.7,50.4,589346.0,589346.0,60994.0,60994.0,54.74,,511.8,483.54,483.5,18582.24,,,,1290.33,17322.0,689493.0,
陕西,2016,19354.6,19399.59,107.85,48.92,32014.0,32014.0,3439.12,3439.0,56.39,,511.4,518.35,518.3,20825.25,,1976.81,,1204.39,22565.0,674155.0,
陕西,2017,21776.1,21898.81,107.6,49.7,31649.0,31649.0,3511.73,3512.0,58.07,,510.4,567.08,567.1,23819.38,,2719.23,,1485.58,46607.0,686038.0,
陕西,2018,24354.8,24438.32,108.0,49.75,31684.0,31684.0,3536.39,3536.0,59.65,,493.2,773.76,773.8,,6.1,3513.17,,1774.29,30888.0,,
陕西,2019,26214.5,25793.17,108.3,46.4,30158.0,30158.0,3632.55,3633.0,61.28,,501.3,1032.99,1033.0,,1.3,3514.88,,1846.11,34812.0,,
陕西,2020,26297.0,26181.86,106.0,43.4,,,,,62.66,2105.0,489.6,,,,-0.5,3777.6,,1752.14,38262.0,,
陕西,2021,30476.6,29801.0,102.2,46.32,41876.0,41876.0,5861.0,5861.0,63.63,2091.0,476.0,,,,-4.9,4757.8,,2237.04,38643.0,,
陕西,2022,33035.6,32772.7,106.5,48.6,40518.0,40518.0,5948.0,5948.0,64.02,2066.0,471.6,,,,4.5,4754.6,,2682.85,38569.0,,
陕西,2023,33976.5,33786.1,104.3,47.6,41613.0,41613.0,6338.0,6338.0,65.16,2085.0,456.4,,,,1.3,4042.0,,2693.85,41729.0,,
陕西,2024,35437.1,35538.8,104.8,40.9,40691.0,40691.0,6381.0,6381.0,66.14,2067.0,476.0,,,,-2.4,4540.84,,2613.17,48686.0,,
青海,2005,,543.32,112.2,48.7,71903.0,,4341.0,,39.25,267.62,,58.16,,329.81,,,41330.7,33.82,103.0,97080.0,
青海,2006,592.7,648.5,112.2,51.6,5049.0,5049.0,352.0,352.0,39.26,303.93,,60.71,60.7,408.54,,,129309.80500000001,42.24,79.0,101162.0,101162.0
青海,2007,729.4,797.35,112.35,53.3,5045.0,5045.0,329.0,329.0,40.07,276.29,,58.85,58.9,482.84,,,61207.3,43.29,91.0,102388.0,102388.0
青海,2008,909.2,1018.62,112.6,55.1,5007.0,5007.0,343.0,343.0,40.86,276.79,47.0,54.65,54.6,583.24,,,68882.3,55.9,148.0,103258.0,103258.0
青海,2009,953.3,1081.27,111.4,53.2,4934.0,4934.0,345.0,345.0,41.9,285.54,50.6,57.09,57.1,798.23,,,58678.5,70.17,175.0,104505.0,104505.0
青海,2010,1160.8,1350.43,112.69999999999999,55.1,,,,,44.72,294.1,52.6,60.38,60.4,1016.87,,,78896.1,88.94,193.0,106063.0,106063.0
青海,2011,1388.3,1670.44,114.4,58.4,4854.0,4854.0,288.0,288.0,46.53,,60.6,64.47,64.5,1435.58,,,92381.8,119.85,204.0,109641.0,109641.0
青海,2012,1547.9,1893.54,112.9,57.69,4782.0,4782.0,335.0,335.0,47.85,,61.7,69.87,69.9,1883.42,,,115747.0,146.69,298.0,103713.0,
青海,2013,1736.1,2122.06,111.55,57.3,4769.0,4769.0,341.0,341.0,49.29,,64.2,66.54,66.5,2361.09,,,140274.3,175.05,520.0,118183.0,
青海,2014,1875.1,2303.32,110.0,53.6,4816.0,4814.0,342.0,342.0,50.84,,63.2,72.1,72.1,2861.2,,,171789.0,199.39,660.0,116328.0,
青海,2015,2054.3,2417.05,109.2,49.95,91611.0,91611.0,6502.0,6502.0,51.67,,62.7,70.8,70.8,3210.63,,,,205.81,1103.0,118892.0,
青海,2016,2310.7,2572.49,108.2,48.59,4987.0,4987.0,360.19,360.0,53.55,,63.1,81.75,81.7,3528.05,,100.87,,176.48,1381.0,120520.0,
青海,2017,2517.0,2624.83,108.0,44.29,4939.0,4939.0,390.2,390.0,55.45,,63.3,98.43,98.4,3883.55,,44.45,,183.96,949.0,122754.0,
青海,2018,2799.9,2865.23,107.3,43.52,4945.0,4945.0,375.48,375.0,57.27,,62.7,113.89,113.9,,0.1,48.17,,205.49,1287.0,,
青海,2019,3020.2,2965.95,107.2,39.1,4733.0,4733.0,403.52,404.0,58.78,,67.0,123.1,123.1,,10.8,37.55,,198.7,1232.0,,
青海,2020,3080.6,3005.92,106.3,38.0,,,,,60.08,279.0,66.4,,,,-10.9,23.0,,213.27,1417.0,,
青海,2021,3446.3,3346.6,101.5,39.82,6289.0,6289.0,622.0,622.0,61.02,277.0,67.1,,,,-7.4,31.3,,234.73,1585.0,,
青海,2022,3677.4,3610.1,105.7,43.9,6094.0,6094.0,623.0,623.0,61.43,256.0,65.8,,,,-6.3,40.5,,255.84,1459.0,,
青海,2023,3849.2,3799.1,102.3,42.5,6255.0,6255.0,654.0,654.0,62.8,271.0,65.9,,,,-0.6,48.7,,282.97,1790.0,,
青海,2024,3965.5,3950.8,104.0,42.1,6108.0,6108.0,646.0,646.0,63.86,267.0,69.5,,,,-3.3,60.11,,263.58,2109.0,,
黑龙江,2005,,5513.7,111.6,53.9,505647.0,,38437.0,,53.1,1625.84,,250.84,,1737.27,,,956601.72,318.21,1598.0,652998.0,
黑龙江,2006,5386.1,6211.8,111.85,54.4,35504.0,35504.0,2864.0,2864.0,53.5,1784.1,,258.76,258.8,2236.0,,,1693429.035,386.84,1911.0,659834.0,659834.0
黑龙江,2007,6193.7,7104.0,112.05,52.3,35193.0,35193.0,3147.0,3147.0,53.9,1659.86,,279.7,279.7,2833.5,,,1729659.3,334.97,2386.0,678135.0,678135.0
黑龙江,2008,7215.1,8314.37,111.9,52.5,34688.0,34688.0,3163.0,3163.0,55.4,1670.16,475.1,312.67,312.7,3655.97,,,2313059.3,420.21,3047.0,691278.0,691278.0
黑龙江,2009,7315.8,8587.0,111.6,47.3,34065.0,34065.0,2951.0,2951.0,55.5,1687.47,469.1,331.76,331.8,5028.83,,,1622951.3,444.31,3384.0,688326.0,688326.0
黑龙江,2010,8434.7,10368.6,112.05000000000001,50.2,,,,,55.66,1743.39,460.0,393.94,393.9,6812.56,,,2551541.5,556.97,4070.0,676844.0,676844.0
黑龙江,2011,10074.0,12582.0,112.5,50.3,32757.0,32757.0,2618.0,2618.0,56.49,,466.2,442.62,442.6,7475.38,,,3852267.5,741.85,5063.0,663207.0,663207.0
黑龙江,2012,11171.0,13691.58,111.15,44.1,31990.0,31990.0,2827.0,2827.0,56.88,,471.0,504.2,504.2,9694.75,,,3759029.1,837.8,7068.0,637316.0,
黑龙江,2013,12017.0,14454.91,109.0,41.1,31651.0,31651.0,2830.0,2830.0,58.04,,467.8,531.33,531.3,11453.08,,,3887909.4,912.82,10338.0,656112.0,
黑龙江,2014,12357.1,15039.38,106.8,36.9,31632.0,31632.0,2971.0,2971.0,59.22,,450.9,472.5,472.5,9829.0,,,3890093.0,977.4,13468.0,654969.0,
黑龙江,2015,12023.2,15083.67,105.6,31.81,592705.0,592705.0,64239.0,64239.0,60.47,,433.5,303.37,303.4,10182.95,,,,880.34,14663.0,640181.0,
黑龙江,2016,12280.9,15386.09,105.66,28.6,31874.0,31874.0,3805.25,3805.0,61.09,,424.9,362.52,362.5,10648.35,,1093.84,,827.85,13177.0,621962.0,
黑龙江,2017,12659.5,15902.68,106.1,25.53,31251.0,31251.0,3793.17,3793.0,61.9,,413.0,402.98,403.0,11291.98,,1281.66,,901.91,10607.0,619733.0,
黑龙江,2018,13205.7,16361.62,106.36,24.64,30946.0,30946.0,3779.65,3780.0,63.46,,392.7,459.23,459.2,,-0.3,1749.51,,980.8,12017.0,,
黑龙江,2019,13962.5,13612.68,104.7,26.6,29177.0,29177.0,4020.45,4020.0,64.62,,349.6,539.73,539.7,,4.1,1866.87,,924.4,13125.0,,
黑龙江,2020,14000.1,13698.5,104.2,25.4,,,,,65.61,1473.0,316.4,,,,1.3,1539.2,,811.92,13163.0,,
黑龙江,2021,15292.8,14879.2,101.0,26.72,33098.0,33098.0,5553.0,5553.0,65.69,1420.0,311.2,,,,-1.5,1995.0,,870.18,15018.0,,
黑龙江,2022,16359.2,15901.0,106.1,29.2,31744.0,31744.0,5657.0,5657.0,66.21,1351.0,297.9,,,,0.5,2651.5,,793.37,14770.0,,
黑龙江,2023,16470.7,15883.9,102.7,27.0,32242.0,32242.0,6065.0,6065.0,67.11,1319.0,274.6,,,,-12.6,2980.1,,859.65,14726.0,,
黑龙江,2024,16478.1,16476.9,102.9,25.2,31174.0,31174.0,6051.0,6051.0,68.05,1305.0,292.2,,,,7.9,3122.05,,871.83,16248.0,,
